order_id,customer_id,order_date,status,total_amount,discount_pct
O000001,C00078,03/08/2022,cancelled,230.07,5
O000002,C00044,22/01/2021,completed,221.77,5
O000003,C00286,2024-10-17,pending,1795.1,15
O000004,C00398,16/05/2022,refunded,404.43,20
O000005,C00231,21/03/2024,cancelled,-26.78,15
O000006,C00302,18/07/2024,cancelled,123.89,15
O000007,C00292,2023-04-05,completed,1677.58,20
O000008,C00313,24/10/2021,completed,1492.92,25
O000009,C00391,2021-01-28,pending,394.15,5
O000010,C00136,18/11/2023,completed,118.46,25
O000011,C00081,2021-01-07,pending,354.52,5
O000012,C00283,01/09/2023,pending,1570.32,0
O000013,C00002,14/02/2024,refunded,609.67,15
O000014,C00353,22/01/2022,refunded,305.39,20
O000015,C00150,2021-12-18,pending,276.85,0
O000016,C00148,2023-12-14,cancelled,1272.91,25
O000017,C00360,2024-09-24,completed,640.91,15
O000018,C00352,19/06/2022,cancelled,1149.19,5
O000019,C00321,30/04/2022,pending,639.27,20
O000020,C00218,20/07/2021,pending,727.71,0
O000021,C00332,09/06/2021,cancelled,1012.23,5
O000022,C00073,2022-08-19,completed,993.34,0
O000023,C00085,2023-02-21,cancelled,568.42,10
O000024,C00225,04/07/2023,refunded,39.22,0
O000025,C00353,2022-04-21,refunded,1205.67,10
O000026,C00140,2021-09-17,refunded,1546.49,20
O000027,C00225,2021-04-12,completed,1285.37,0
O000028,C00222,03/07/2024,cancelled,340.15,25
O000029,C00310,2021-03-13,completed,1980.74,10
O000030,C00047,2022-04-09,completed,1513.11,5
O000031,C00392,2022-03-28,cancelled,1815.14,25
O000032,C00296,2022-12-10,pending,1177.03,0
O000033,C00241,05/02/2024,refunded,1278.8,20
O000034,C00143,20/03/2023,refunded,739.55,5
O000035,C00326,16/07/2023,completed,1539.57,15
O000036,C00241,2023-03-26,refunded,1702.05,10
O000037,C00171,09/06/2022,completed,803.12,10
O000038,C00083,2022-11-05,refunded,391.29,10
O000039,C00356,2024-10-11,cancelled,1200.97,15
O000040,C00340,03/12/2023,completed,1963.79,15
O000041,C00233,27/07/2021,cancelled,1444.18,0
O000042,C00130,2022-06-17,completed,1467.5,10
O000043,C00396,2024-11-01,completed,1969.31,15
O000044,C00337,2023-02-01,refunded,256.5,20
O000045,C00212,13/07/2022,pending,935.3,0
O000046,C00266,11/03/2024,refunded,1115.37,10
O000047,C00321,2021-10-20,completed,751.68,15
O000048,C00105,14/09/2021,pending,1549.7,10
O000049,C00148,09/11/2024,refunded,476.72,15
O000050,C00063,27/11/2024,pending,,0
O000051,C00364,15/06/2024,cancelled,1792.31,5
O000052,C00283,2022-09-19,refunded,1708.16,0
O000053,C00048,2021-01-30,completed,1774.25,5
O000054,C00237,21/12/2021,pending,1616.79,0
O000055,C00256,15/12/2021,cancelled,1154.0,25
O000056,C00261,2024-02-04,cancelled,1831.44,25
O000057,C00213,2021-07-23,refunded,411.94,15
O000058,C00125,25/11/2021,pending,846.56,15
O000059,C00197,2024-02-15,pending,1795.02,5
O000060,C00036,04/02/2021,refunded,1487.21,10
O000061,C00175,2023-07-06,cancelled,651.76,20
O000062,C00002,23/02/2023,cancelled,1586.03,10
O000063,C00301,20/09/2021,refunded,1352.45,20
O000064,C00077,2021-07-11,refunded,1128.72,15
O000065,C00177,2022-07-24,refunded,871.62,10
O000066,C00234,2024-01-10,pending,499.67,10
O000067,C00358,2023-10-08,refunded,111.41,5
O000068,C00120,2024-05-15,completed,421.97,15
O000069,C00163,28/02/2021,refunded,-56.92,25
O000070,,2022-08-06,refunded,672.86,25
O000071,C00198,2024-09-23,pending,651.76,25
O000072,C00254,22/09/2023,pending,668.16,0
O000073,C00258,2022-02-02,cancelled,309.4,20
O000074,C00052,2024-04-13,completed,-94.97,15
O000075,C00270,11/04/2023,completed,1142.73,15
O000076,C00370,27/08/2023,refunded,,5
O000077,C00336,2021-03-17,completed,1712.43,5
O000078,C00241,2023-07-12,cancelled,1969.45,10
O000079,C00320,2021-03-16,refunded,1205.46,25
O000080,C00333,2023-10-26,cancelled,69.37,0
O000081,,17/06/2021,refunded,1419.1,25
O000082,C00163,2023-10-13,refunded,260.79,25
O000083,C00278,2024-07-22,completed,1983.63,0
O000084,,31/01/2021,cancelled,262.55,5
O000085,C00117,2021-03-16,completed,553.64,25
O000086,C00223,2023-12-08,completed,1674.13,0
O000087,C00228,29/06/2021,cancelled,514.79,5
O000088,C00015,10/10/2022,cancelled,1454.28,0
O000089,C00029,2022-11-22,cancelled,1034.02,10
O000090,C00192,14/08/2022,pending,197.2,15
O000091,C00126,2021-07-11,refunded,1923.48,20
O000092,C00290,2023-05-01,pending,432.17,25
O000093,C00088,28/01/2022,completed,1038.87,5
O000094,C00313,07/01/2023,pending,218.18,15
O000095,C00255,27/12/2023,pending,416.75,20
O000096,,26/08/2021,refunded,1441.43,5
O000097,C00327,2021-11-16,refunded,1166.17,10
O000098,C00131,2023-12-16,completed,401.52,25
O000099,C00239,2023-12-02,pending,1372.28,10
O000100,C00038,07/09/2023,cancelled,1509.47,15
O000101,C00301,2021-01-15,refunded,1048.8,10
O000102,C00354,13/04/2022,refunded,1919.07,10
O000103,C00155,16/10/2022,refunded,596.6,5
O000104,C00248,25/10/2023,pending,1964.91,0
O000105,C00196,2021-06-06,cancelled,1110.27,20
O000106,C00295,2023-10-27,cancelled,338.97,10
O000107,C00012,2023-03-20,refunded,1472.91,25
O000108,C00141,2022-02-24,completed,1546.98,0
O000109,C00311,2023-08-26,refunded,209.79,25
O000110,C00147,2023-07-30,cancelled,905.22,5
O000111,C00113,25/12/2023,pending,685.25,25
O000112,C00318,02/08/2021,pending,1880.64,10
O000113,C00322,13/10/2022,completed,1064.19,0
O000114,C00159,2024-07-14,completed,1904.98,15
O000115,C00297,2024-10-27,pending,423.36,10
O000116,,12/06/2021,cancelled,649.85,0
O000117,C00168,06/03/2023,refunded,382.61,25
O000118,C00090,22/01/2024,pending,314.23,5
O000119,C00277,18/08/2023,cancelled,1590.97,10
O000120,C00085,2021-07-02,refunded,1848.33,10
O000121,C00152,16/03/2022,cancelled,,25
O000122,C00059,2021-06-27,completed,266.77,15
O000123,C00073,04/05/2024,refunded,645.12,5
O000124,C00286,15/06/2021,completed,950.84,10
O000125,C00203,2023-02-13,cancelled,1693.56,0
O000126,C00275,05/11/2021,refunded,1983.7,0
O000127,C00189,05/08/2023,cancelled,739.01,25
O000128,C00300,07/11/2021,cancelled,1022.78,15
O000129,C00056,2024-04-23,pending,822.23,25
O000130,C00242,13/02/2022,cancelled,1314.48,0
O000131,,15/07/2024,pending,1558.52,20
O000132,C00332,2023-03-24,refunded,557.55,0
O000133,C00359,10/11/2021,refunded,413.02,10
O000134,C00060,11/07/2022,completed,517.66,5
O000135,C00020,2023-12-29,refunded,1374.0,10
O000136,C00060,29/09/2022,pending,893.45,0
O000137,C00276,04/04/2022,refunded,984.75,5
O000138,C00233,07/09/2021,refunded,1848.51,10
O000139,C00301,2021-03-03,pending,1527.55,25
O000140,C00213,2023-05-02,completed,585.75,25
O000141,C00251,11/02/2023,refunded,1633.95,20
O000142,C00144,2024-11-15,cancelled,,0
O000143,C00112,2021-11-19,refunded,1550.93,15
O000144,C00121,2023-12-06,completed,316.39,10
O000145,C00352,2024-12-20,cancelled,148.58,10
O000146,C00032,2023-01-17,cancelled,1330.27,15
O000147,C00098,29/05/2022,refunded,1108.85,0
O000148,C00047,31/12/2021,pending,1998.85,25
O000149,C00329,2021-01-05,completed,643.47,25
O000150,C00026,20/01/2021,pending,713.14,10
O000151,C00065,10/11/2023,pending,649.88,20
O000152,C00036,19/05/2021,pending,296.38,20
O000153,C00301,2024-11-09,pending,144.36,5
O000154,,21/06/2021,pending,79.33,10
O000155,C00306,21/07/2024,cancelled,1722.99,0
O000156,C00075,11/06/2023,cancelled,795.02,5
O000157,C00090,2023-11-06,completed,1503.03,0
O000158,C00068,2023-02-07,cancelled,1505.47,0
O000159,C00122,2021-08-20,cancelled,1647.98,20
O000160,C00009,2021-05-20,cancelled,902.97,5
O000161,C00027,2024-04-25,refunded,392.68,5
O000162,C00270,06/03/2023,completed,1137.18,0
O000163,C00244,27/04/2021,cancelled,-25.68,15
O000164,C00263,30/01/2024,completed,1518.24,20
O000165,C00232,2024-01-30,pending,1048.62,20
O000166,C00315,2021-06-07,cancelled,12.12,0
O000167,C00235,2024-11-06,completed,1781.63,25
O000168,C00032,02/02/2022,refunded,438.2,15
O000169,C00219,2023-09-28,completed,207.32,25
O000170,C00252,2021-12-26,refunded,1721.96,25
O000171,C00038,11/12/2022,cancelled,536.97,0
O000172,C00312,2022-04-05,completed,208.66,5
O000173,C00065,15/02/2022,cancelled,1706.24,10
O000174,C00196,2022-12-23,cancelled,97.91,20
O000175,C00233,2021-03-19,refunded,1614.32,20
O000176,C00051,2021-06-05,completed,1942.06,25
O000177,C00336,2024-06-17,pending,648.96,25
O000178,C00221,2021-09-29,pending,723.76,15
O000179,C00212,2024-09-19,refunded,1866.23,10
O000180,C00205,03/03/2021,completed,929.02,15
O000181,C00161,2024-08-16,cancelled,763.4,15
O000182,C00341,28/03/2022,cancelled,436.93,10
O000183,C00079,14/07/2022,refunded,1855.73,25
O000184,C00035,30/05/2024,completed,791.04,0
O000185,C00048,2023-11-18,completed,,15
O000186,C00382,01/05/2022,cancelled,-371.99,25
O000187,C00067,2022-10-24,completed,-393.54,20
O000188,C00301,2024-02-22,cancelled,547.98,20
O000189,C00344,30/06/2021,refunded,1931.18,0
O000190,C00182,2021-05-28,refunded,1757.51,25
O000191,C00370,15/08/2024,cancelled,1133.14,0
O000192,C00308,2024-03-23,cancelled,841.06,10
O000193,C00054,15/10/2024,pending,614.56,20
O000194,,2021-03-13,refunded,1383.35,5
O000195,C00115,2021-01-16,cancelled,89.79,0
O000196,C00285,2024-08-16,completed,385.06,10
O000197,C00391,03/08/2021,pending,1619.85,10
O000198,C00220,2023-10-28,completed,1272.13,20
O000199,C00312,03/10/2023,cancelled,1987.15,25
O000200,C00015,2021-09-22,cancelled,1806.95,5
O000201,C00360,26/05/2022,cancelled,129.05,10
O000202,C00180,2022-07-10,pending,1139.22,0
O000203,C00074,2024-10-21,refunded,628.2,20
O000204,C00036,11/11/2022,completed,1735.93,5
O000205,C00047,2023-08-24,pending,1887.33,25
O000206,C00193,21/02/2022,refunded,1798.85,15
O000207,C00175,2024-09-26,cancelled,778.82,5
O000208,C00160,2024-02-13,cancelled,1561.94,25
O000209,C00398,2021-05-25,completed,323.47,20
O000210,C00027,02/08/2022,pending,1872.99,5
O000211,C00387,2024-06-20,completed,136.02,20
O000212,C00346,2022-06-17,cancelled,1255.72,0
O000213,C00227,2021-10-12,refunded,1898.2,25
O000214,C00249,2021-06-26,refunded,1891.93,20
O000215,C00213,15/09/2022,pending,648.26,10
O000216,C00387,2022-09-14,completed,1446.59,20
O000217,C00177,11/12/2022,completed,1000.32,15
O000218,C00146,2022-02-27,refunded,977.7,25
O000219,C00270,22/07/2024,cancelled,463.66,25
O000220,C00024,2022-08-23,refunded,1794.54,5
O000221,C00307,2023-12-08,completed,1565.7,0
O000222,C00105,14/08/2024,pending,701.87,10
O000223,C00393,13/01/2023,cancelled,855.91,5
O000224,C00149,27/05/2024,completed,438.84,10
O000225,C00004,18/10/2022,refunded,1497.07,15
O000226,C00090,2023-10-05,refunded,317.3,5
O000227,C00273,08/10/2024,pending,1523.49,25
O000228,C00257,2024-05-22,cancelled,303.38,20
O000229,C00037,2021-09-17,completed,1413.01,15
O000230,C00224,2021-06-25,refunded,1632.0,0
O000231,C00040,2021-07-25,refunded,360.95,10
O000232,C00294,2023-12-18,refunded,634.56,15
O000233,C00149,2024-02-03,refunded,744.85,0
O000234,C00011,02/04/2021,pending,1289.57,10
O000235,C00317,04/08/2024,cancelled,1818.13,15
O000236,C00046,2021-09-05,completed,-239.12,15
O000237,C00125,2021-06-11,refunded,1674.86,15
O000238,C00269,09/10/2022,refunded,1989.7,0
O000239,C00159,16/11/2024,cancelled,543.49,25
O000240,C00114,2023-07-07,pending,599.64,10
O000241,C00040,20/01/2023,completed,811.73,20
O000242,C00272,2024-05-31,pending,1625.86,20
O000243,C00398,2023-06-03,cancelled,1630.8,10
O000244,C00373,2023-11-20,pending,865.61,25
O000245,C00121,12/11/2022,pending,762.85,0
O000246,C00132,09/10/2021,pending,,5
O000247,C00309,08/08/2023,completed,1042.64,5
O000248,C00091,2022-08-13,refunded,749.37,25
O000249,C00238,25/04/2024,refunded,1725.01,20
O000250,C00349,12/07/2022,cancelled,812.68,20
O000251,C00322,2023-08-08,pending,204.6,10
O000252,C00226,14/02/2021,refunded,585.97,0
O000253,C00227,2024-09-01,cancelled,555.53,25
O000254,C00141,30/11/2023,completed,457.13,20
O000255,C00181,28/09/2024,completed,1282.11,20
O000256,C00159,2024-07-26,refunded,1698.28,15
O000257,C00020,04/02/2024,cancelled,1241.64,0
O000258,C00147,2024-10-17,completed,1459.47,0
O000259,C00315,22/07/2021,refunded,1642.81,20
O000260,C00237,21/01/2023,completed,1010.72,20
O000261,C00231,2024-11-30,pending,1827.18,20
O000262,C00165,29/01/2023,refunded,385.18,20
O000263,C00257,2021-06-25,completed,1968.53,5
O000264,C00231,2024-10-10,cancelled,196.68,0
O000265,C00366,01/10/2022,pending,771.74,0
O000266,C00021,16/11/2022,refunded,680.34,5
O000267,C00225,13/03/2021,pending,-110.86,20
O000268,C00187,09/04/2021,cancelled,703.07,10
O000269,,11/02/2022,refunded,111.25,15
O000270,C00397,2023-10-15,completed,1772.55,10
O000271,C00324,2022-05-04,cancelled,469.19,25
O000272,C00034,20/01/2021,completed,1490.55,10
O000273,C00286,31/12/2023,refunded,411.05,25
O000274,C00146,10/09/2024,pending,290.64,10
O000275,C00171,2023-11-20,pending,346.58,0
O000276,C00180,2023-03-27,refunded,1979.75,10
O000277,C00067,07/04/2024,completed,1551.09,20
O000278,C00159,2024-03-01,refunded,1428.37,20
O000279,C00330,2023-06-15,pending,1595.18,10
O000280,C00344,30/01/2024,completed,667.1,25
O000281,C00331,2023-05-28,refunded,622.25,25
O000282,C00261,2021-12-14,completed,1141.98,10
O000283,C00186,2023-11-07,pending,1250.86,10
O000284,C00110,2024-09-18,refunded,157.4,10
O000285,C00099,10/06/2022,pending,887.52,5
O000286,C00080,2023-03-18,cancelled,1523.24,0
O000287,C00052,24/03/2023,completed,988.71,20
O000288,C00339,2023-12-06,pending,1036.22,10
O000289,C00306,2023-12-25,pending,1924.78,15
O000290,C00084,2023-08-19,pending,11.13,5
O000291,C00370,2021-05-28,completed,1144.27,15
O000292,C00211,04/11/2022,pending,659.21,10
O000293,C00228,25/10/2023,cancelled,1812.53,20
O000294,C00386,2024-02-03,refunded,455.65,25
O000295,C00120,22/01/2022,pending,1987.11,20
O000296,C00159,2023-01-19,pending,1866.54,15
O000297,C00189,22/06/2022,refunded,885.22,25
O000298,C00237,2023-10-29,refunded,545.57,10
O000299,C00258,2023-11-17,refunded,1276.97,20
O000300,C00083,2023-09-24,pending,263.18,5
O000301,C00129,21/08/2022,refunded,1521.09,0
O000302,,2021-08-19,completed,1315.19,10
O000303,C00365,27/07/2024,completed,53.23,20
O000304,C00146,2024-07-07,pending,891.27,0
O000305,C00140,18/05/2023,pending,-90.12,15
O000306,C00224,17/10/2024,pending,1323.37,0
O000307,C00231,2023-08-11,completed,607.54,10
O000308,C00213,26/03/2021,refunded,710.9,0
O000309,,19/01/2021,cancelled,1224.7,20
O000310,C00121,27/09/2023,completed,955.29,15
O000311,C00192,2024-12-22,completed,915.24,5
O000312,C00164,01/09/2021,cancelled,410.68,0
O000313,,25/02/2023,pending,33.98,5
O000314,C00020,2024-08-11,refunded,1105.14,10
O000315,C00357,31/12/2022,refunded,840.33,5
O000316,C00230,16/08/2024,completed,1462.26,20
O000317,C00041,10/02/2023,cancelled,1939.22,0
O000318,C00111,12/09/2024,refunded,933.21,5
O000319,C00057,14/09/2021,pending,762.62,10
O000320,C00155,27/04/2021,completed,523.21,0
O000321,C00123,2024-03-13,refunded,1351.65,15
O000322,C00033,2023-02-03,refunded,577.39,0
O000323,C00306,14/05/2022,completed,898.32,20
O000324,C00324,2022-01-10,pending,983.64,20
O000325,C00368,2022-05-30,cancelled,580.32,5
O000326,C00220,2022-03-09,cancelled,566.48,0
O000327,C00124,2021-03-20,refunded,226.25,20
O000328,C00096,2023-02-27,completed,1622.5,25
O000329,C00269,2021-12-12,completed,-258.05,10
O000330,C00270,2023-05-06,completed,1885.38,20
O000331,C00200,27/09/2023,completed,1577.24,15
O000332,C00326,12/08/2022,cancelled,895.43,15
O000333,C00130,2022-09-19,completed,42.3,25
O000334,C00183,2024-06-23,cancelled,1956.31,0
O000335,C00124,01/01/2022,completed,538.96,25
O000336,C00396,03/05/2021,cancelled,1009.8,20
O000337,C00069,2022-12-15,cancelled,902.02,0
O000338,C00280,2022-11-22,pending,1953.29,10
O000339,C00399,29/05/2024,refunded,408.37,25
O000340,C00357,2023-06-10,pending,716.88,15
O000341,C00070,28/11/2022,refunded,1706.72,0
O000342,C00019,2021-05-17,pending,87.57,10
O000343,C00023,23/08/2024,completed,270.2,5
O000344,C00162,14/02/2023,refunded,1430.04,10
O000345,C00279,2022-11-26,cancelled,1071.17,15
O000346,C00019,06/05/2022,pending,,25
O000347,C00147,2021-07-04,completed,488.1,10
O000348,,2023-02-12,cancelled,763.46,25
O000349,C00140,2024-03-03,cancelled,60.16,0
O000350,C00224,12/10/2023,refunded,1013.4,15
O000351,C00198,28/01/2021,pending,1690.1,10
O000352,C00255,09/06/2021,refunded,623.83,25
O000353,C00189,19/09/2022,cancelled,195.61,20
O000354,,03/10/2022,refunded,1208.8,0
O000355,C00041,2021-02-25,pending,94.49,15
O000356,C00280,2023-05-16,cancelled,1760.03,10
O000357,C00053,2023-05-03,cancelled,1010.0,0
O000358,C00339,01/01/2021,cancelled,710.34,10
O000359,C00229,07/07/2024,refunded,1939.85,20
O000360,C00086,2021-05-22,refunded,1057.66,25
O000361,C00180,2024-05-14,completed,1859.9,15
O000362,C00373,28/07/2023,refunded,1199.73,10
O000363,C00141,2023-08-20,completed,1329.22,25
O000364,C00039,18/09/2023,refunded,653.3,25
O000365,C00187,19/04/2022,pending,217.26,20
O000366,C00016,2024-10-14,refunded,1845.49,5
O000367,C00018,2023-03-01,completed,636.29,5
O000368,C00121,2023-05-24,cancelled,1797.77,25
O000369,C00186,2021-11-18,completed,1310.92,15
O000370,C00310,14/10/2023,refunded,1499.54,5
O000371,C00190,2023-11-10,refunded,1078.97,10
O000372,C00391,2022-12-10,pending,777.98,0
O000373,C00272,14/06/2022,refunded,697.31,10
O000374,C00161,19/07/2022,cancelled,1932.74,25
O000375,C00128,06/07/2024,completed,863.91,0
O000376,C00377,2021-03-26,refunded,1128.4,5
O000377,C00266,22/06/2024,completed,1740.03,15
O000378,C00135,2021-12-13,refunded,1739.42,10
O000379,C00110,2024-08-04,cancelled,1300.31,20
O000380,C00356,2022-12-07,pending,416.68,15
O000381,C00063,31/05/2022,completed,591.7,5
O000382,C00232,2023-05-21,refunded,605.26,5
O000383,C00045,07/04/2024,cancelled,-365.02,25
O000384,C00342,2023-08-21,completed,877.91,10
O000385,C00282,21/07/2023,cancelled,1797.26,20
O000386,C00154,2023-01-05,pending,710.72,5
O000387,C00186,2024-01-19,pending,1839.3,20
O000388,C00063,18/10/2023,pending,532.83,5
O000389,C00122,19/07/2022,completed,1001.02,15
O000390,C00185,18/01/2024,cancelled,862.5,20
O000391,C00240,2022-12-04,pending,147.59,20
O000392,C00314,2021-06-27,completed,1450.25,0
O000393,C00159,2021-06-01,refunded,57.28,15
O000394,C00270,25/03/2024,refunded,858.23,15
O000395,C00295,21/10/2023,pending,308.76,0
O000396,C00163,11/12/2021,completed,1333.78,25
O000397,C00231,2021-01-04,cancelled,1047.67,15
O000398,C00066,2022-06-15,pending,736.44,20
O000399,C00394,06/07/2022,refunded,1390.78,5
O000400,C00258,13/07/2024,completed,-24.58,0
O000401,C00266,12/09/2023,cancelled,153.01,5
O000402,C00085,27/05/2024,cancelled,-298.0,5
O000403,C00364,30/03/2022,cancelled,1114.96,5
O000404,C00266,2023-05-01,completed,1613.49,10
O000405,C00129,22/03/2023,cancelled,1864.57,5
O000406,C00065,2022-08-04,cancelled,979.36,25
O000407,C00315,2023-12-27,completed,1863.61,20
O000408,C00258,15/06/2021,pending,1801.55,25
O000409,C00304,13/03/2021,pending,1517.13,20
O000410,C00088,25/10/2024,cancelled,1397.57,25
O000411,C00289,13/09/2021,completed,1514.68,0
O000412,C00042,04/02/2023,cancelled,967.94,0
O000413,C00334,07/08/2021,refunded,1174.53,5
O000414,C00317,30/06/2024,completed,1253.27,25
O000415,C00255,19/01/2024,cancelled,1059.53,25
O000416,C00329,28/02/2024,refunded,451.26,10
O000417,C00126,2024-01-26,refunded,683.8,25
O000418,C00153,2022-09-28,completed,742.78,15
O000419,C00353,16/06/2021,pending,1888.85,0
O000420,C00226,2022-01-31,refunded,1633.3,15
O000421,C00238,07/08/2023,cancelled,1221.23,5
O000422,C00311,01/11/2021,cancelled,1768.5,5
O000423,C00368,2021-10-19,cancelled,1002.21,10
O000424,C00205,2021-07-07,cancelled,561.62,5
O000425,C00264,2024-12-16,completed,1288.21,20
O000426,C00164,16/08/2024,refunded,473.14,5
O000427,C00063,2022-09-03,refunded,438.11,10
O000428,C00127,2021-12-01,completed,1825.29,5
O000429,C00026,11/12/2022,refunded,1266.26,10
O000430,C00316,04/07/2024,pending,-479.09,15
O000431,C00082,28/04/2024,cancelled,-255.36,10
O000432,C00098,2021-10-24,refunded,1059.81,5
O000433,C00264,19/01/2024,refunded,594.98,15
O000434,C00158,09/06/2022,completed,577.59,15
O000435,,17/06/2021,refunded,71.68,0
O000436,C00259,2024-03-22,pending,1211.85,15
O000437,C00111,2022-10-06,cancelled,1991.16,20
O000438,C00025,14/03/2021,cancelled,1094.96,0
O000439,C00254,2024-12-10,refunded,1853.1,20
O000440,C00147,2023-09-11,completed,17.75,20
O000441,C00056,24/07/2024,pending,810.72,15
O000442,C00136,11/11/2023,cancelled,597.83,25
O000443,C00392,2023-07-04,cancelled,1901.82,15
O000444,C00024,2021-07-11,completed,72.85,15
O000445,C00292,14/04/2024,pending,708.93,20
O000446,C00186,2024-10-17,cancelled,549.56,20
O000447,C00038,01/12/2022,refunded,1805.28,15
O000448,C00392,2022-12-12,cancelled,1146.71,20
O000449,C00320,2023-10-20,completed,490.22,25
O000450,C00066,2023-07-05,refunded,1046.74,0
O000451,C00192,23/02/2023,cancelled,404.78,10
O000452,C00387,29/07/2021,pending,589.19,5
O000453,C00309,14/02/2023,refunded,1694.22,20
O000454,C00257,07/01/2021,completed,911.21,0
O000455,C00020,04/04/2023,cancelled,459.29,5
O000456,C00243,18/02/2024,refunded,988.3,20
O000457,C00077,17/03/2021,pending,939.87,20
O000458,C00168,10/05/2023,cancelled,1168.18,20
O000459,C00084,23/12/2024,cancelled,689.34,15
O000460,C00304,04/11/2022,refunded,577.77,10
O000461,C00363,27/07/2024,cancelled,1027.18,20
O000462,C00244,2023-06-28,cancelled,1750.95,0
O000463,C00170,21/01/2023,completed,1742.76,25
O000464,C00214,2024-12-06,cancelled,1422.02,20
O000465,C00372,01/03/2023,completed,1289.18,25
O000466,C00306,2024-04-28,cancelled,1722.52,15
O000467,C00336,01/12/2024,pending,-278.69,20
O000468,C00370,14/11/2024,refunded,344.2,0
O000469,C00088,2021-10-03,refunded,1786.88,20
O000470,C00076,2023-12-11,pending,551.37,25
O000471,C00017,2023-06-18,completed,1154.84,20
O000472,C00098,27/09/2021,refunded,727.52,0
O000473,C00161,2024-02-09,pending,75.54,15
O000474,C00212,20/06/2024,pending,1765.33,25
O000475,C00211,19/07/2021,refunded,1054.94,20
O000476,C00377,10/06/2021,completed,154.19,25
O000477,C00362,2022-08-25,pending,1982.09,5
O000478,C00288,2023-10-19,refunded,1510.64,10
O000479,C00270,2023-07-22,cancelled,279.09,15
O000480,C00089,31/07/2023,cancelled,441.1,15
O000481,C00280,03/10/2024,cancelled,776.97,10
O000482,C00313,15/05/2022,pending,1694.73,15
O000483,C00127,23/02/2023,cancelled,1543.09,10
O000484,C00116,2024-10-01,cancelled,246.86,10
O000485,C00361,2022-08-21,refunded,339.85,5
O000486,C00163,13/10/2022,cancelled,66.3,15
O000487,C00287,2023-08-05,cancelled,1847.39,25
O000488,C00148,23/11/2024,refunded,1961.71,0
O000489,C00203,2023-12-12,pending,1475.34,10
O000490,C00149,30/03/2024,cancelled,1370.85,0
O000491,C00366,21/01/2022,cancelled,100.87,0
O000492,C00227,02/03/2022,cancelled,426.76,25
O000493,C00383,2022-09-11,pending,759.17,15
O000494,C00104,17/06/2022,cancelled,1518.49,20
O000495,C00288,2022-04-02,cancelled,921.22,25
O000496,C00071,2022-12-05,pending,835.56,0
O000497,C00125,04/06/2024,pending,82.08,0
O000498,C00327,2021-07-27,completed,245.79,5
O000499,C00052,2021-08-03,cancelled,11.97,15
O000500,C00368,2022-10-04,completed,1101.31,15
O000501,,2023-07-25,pending,262.45,25
O000502,C00003,2023-12-24,pending,1973.53,20
O000503,C00209,2024-10-09,refunded,845.97,25
O000504,C00245,08/03/2024,pending,764.46,25
O000505,C00388,07/03/2023,cancelled,1139.94,10
O000506,C00147,2022-04-10,completed,917.93,25
O000507,C00394,02/08/2024,pending,1420.64,0
O000508,,26/12/2023,completed,129.38,20
O000509,C00090,01/05/2023,pending,1397.59,15
O000510,C00019,2024-08-30,refunded,1337.0,15
O000511,C00096,03/05/2022,cancelled,32.26,25
O000512,C00020,2024-01-11,cancelled,574.37,0
O000513,C00291,2024-02-19,completed,1751.84,20
O000514,C00172,2024-12-24,refunded,1040.58,10
O000515,C00329,2023-05-10,refunded,,20
O000516,C00069,10/09/2023,refunded,210.52,20
O000517,C00140,04/12/2021,completed,574.1,5
O000518,C00170,09/11/2021,refunded,265.08,5
O000519,C00332,22/11/2021,pending,1422.9,10
O000520,C00008,28/08/2023,cancelled,208.02,25
O000521,C00152,2024-01-15,pending,1102.29,20
O000522,C00090,28/03/2022,refunded,625.99,20
O000523,C00219,03/12/2023,cancelled,428.07,20
O000524,C00045,21/06/2022,completed,497.26,15
O000525,C00095,2024-12-02,refunded,230.39,5
O000526,C00166,11/11/2023,completed,1526.53,5
O000527,C00134,2021-07-26,pending,192.2,15
O000528,C00229,09/01/2024,cancelled,953.74,10
O000529,C00155,07/10/2023,completed,1720.76,20
O000530,C00134,2021-10-04,cancelled,515.24,25
O000531,C00355,2023-02-22,completed,19.92,5
O000532,C00342,2023-04-23,refunded,1531.8,0
O000533,C00158,15/12/2023,refunded,1288.63,5
O000534,C00352,17/09/2023,cancelled,1300.41,20
O000535,C00354,2022-05-16,cancelled,311.81,0
O000536,C00189,09/01/2024,pending,496.51,20
O000537,C00113,29/06/2021,refunded,372.07,5
O000538,C00079,27/03/2024,cancelled,,15
O000539,C00213,2022-07-02,refunded,1814.55,25
O000540,C00388,2023-05-24,pending,451.68,20
O000541,C00391,2023-01-17,completed,639.39,5
O000542,C00270,25/06/2023,cancelled,1750.9,15
O000543,C00040,2023-06-06,completed,104.47,20
O000544,C00032,2023-11-03,pending,1906.88,20
O000545,C00294,2024-01-09,pending,1355.28,20
O000546,C00085,2022-10-11,refunded,610.57,10
O000547,C00060,2023-11-14,pending,1268.57,25
O000548,C00368,2024-03-07,refunded,332.74,20
O000549,C00047,20/10/2024,refunded,394.08,20
O000550,C00029,31/07/2024,pending,859.32,15
O000551,C00263,10/04/2023,refunded,1524.43,15
O000552,C00289,2022-03-21,refunded,613.64,0
O000553,C00345,25/09/2024,completed,1282.59,10
O000554,C00203,09/08/2024,completed,11.64,10
O000555,C00382,2022-10-19,completed,670.18,5
O000556,C00024,09/06/2024,cancelled,1964.64,15
O000557,C00359,2021-01-20,completed,1384.39,0
O000558,C00036,24/03/2023,completed,1973.32,15
O000559,C00147,15/06/2021,pending,89.96,15
O000560,C00394,09/02/2021,refunded,,5
O000561,C00192,2022-08-15,refunded,355.82,15
O000562,C00194,2021-08-14,completed,295.16,15
O000563,C00350,24/03/2021,pending,1402.85,25
O000564,C00335,08/11/2023,completed,317.06,10
O000565,C00092,29/03/2021,refunded,1302.29,20
O000566,C00271,2021-11-07,pending,,5
O000567,C00002,19/02/2022,cancelled,1405.53,0
O000568,C00238,2024-03-11,refunded,716.06,25
O000569,C00273,05/05/2024,pending,1625.62,15
O000570,C00127,2021-09-08,cancelled,1357.58,15
O000571,C00080,22/03/2022,pending,233.13,10
O000572,C00372,2023-11-28,completed,1908.68,0
O000573,C00339,25/01/2022,completed,1130.3,15
O000574,C00124,16/08/2021,completed,697.62,5
O000575,C00052,2024-07-27,completed,1110.5,20
O000576,C00229,2021-04-07,completed,211.86,20
O000577,C00126,2023-12-09,completed,1395.27,25
O000578,C00206,03/05/2024,pending,385.67,15
O000579,C00277,04/04/2022,completed,1193.58,5
O000580,C00072,13/11/2021,cancelled,972.1,20
O000581,C00120,2024-03-16,cancelled,76.88,25
O000582,C00296,2023-04-21,cancelled,1260.67,20
O000583,C00122,20/02/2021,pending,1443.71,10
O000584,C00339,2022-07-12,pending,1515.03,20
O000585,C00212,2024-06-18,cancelled,645.16,10
O000586,C00032,2022-12-05,pending,133.15,20
O000587,C00321,09/06/2021,refunded,1874.44,25
O000588,C00285,2023-08-16,completed,1477.55,15
O000589,C00177,10/09/2024,refunded,-217.58,25
O000590,C00269,16/11/2023,refunded,818.94,10
O000591,C00210,2024-02-23,cancelled,557.19,5
O000592,C00193,23/05/2023,refunded,1054.09,5
O000593,C00124,2024-09-05,cancelled,1645.33,5
O000594,C00363,15/12/2021,refunded,1593.1,5
O000595,C00030,2024-02-28,refunded,241.04,20
O000596,C00214,2023-10-03,pending,1125.59,20
O000597,C00199,22/05/2023,cancelled,698.97,5
O000598,C00105,28/08/2022,completed,1391.15,10
O000599,C00231,05/01/2022,completed,82.25,10
O000600,C00275,05/03/2023,pending,30.16,25
O000601,C00027,03/05/2024,refunded,1733.89,10
O000602,C00345,22/05/2024,completed,1102.47,20
O000603,C00038,25/05/2024,pending,1400.28,5
O000604,,2023-12-18,pending,158.82,15
O000605,C00171,23/03/2022,completed,1670.5,10
O000606,C00109,2023-12-13,completed,1036.64,5
O000607,C00383,30/10/2023,pending,276.61,15
O000608,C00357,14/03/2021,pending,1243.86,20
O000609,C00204,10/12/2024,cancelled,691.12,5
O000610,C00398,16/08/2022,refunded,181.86,10
O000611,C00239,26/08/2022,cancelled,1119.62,20
O000612,C00158,2022-10-10,cancelled,664.28,10
O000613,,2024-05-09,refunded,383.84,20
O000614,C00239,01/12/2023,refunded,1361.36,0
O000615,C00390,2022-05-01,pending,1122.89,10
O000616,,08/05/2023,cancelled,1875.75,10
O000617,,2021-03-25,completed,1581.22,15
O000618,C00289,2021-01-21,pending,1243.23,5
O000619,C00009,01/03/2024,refunded,899.78,10
O000620,C00152,26/01/2022,pending,1655.16,5
O000621,C00169,12/11/2021,refunded,1413.43,5
O000622,C00292,23/08/2023,refunded,1356.02,5
O000623,C00282,11/09/2024,cancelled,14.93,25
O000624,C00132,28/04/2024,refunded,1436.94,15
O000625,C00236,2024-08-29,cancelled,1145.31,5
O000626,C00087,13/09/2024,refunded,998.15,5
O000627,C00095,20/11/2022,completed,1417.46,20
O000628,C00269,2024-07-13,completed,1222.76,0
O000629,C00343,2021-12-17,completed,1737.8,0
O000630,C00212,2024-11-16,pending,226.09,5
O000631,C00035,2023-09-12,pending,42.82,25
O000632,C00005,31/12/2023,refunded,464.31,5
O000633,C00192,08/01/2024,refunded,1092.76,0
O000634,C00338,04/10/2023,completed,965.36,15
O000635,C00004,2022-07-26,refunded,1110.87,20
O000636,C00007,19/03/2024,cancelled,1001.58,0
O000637,C00275,04/07/2023,completed,1012.83,10
O000638,C00258,2023-04-30,refunded,1722.86,25
O000639,C00092,2024-02-22,completed,289.5,0
O000640,C00269,2023-07-27,pending,1642.01,5
O000641,C00099,2021-11-02,cancelled,1586.13,20
O000642,C00182,2024-04-20,refunded,786.99,10
O000643,C00041,01/02/2024,refunded,662.86,10
O000644,C00236,28/10/2021,pending,1740.22,20
O000645,C00357,02/04/2022,cancelled,268.75,5
O000646,C00351,2022-11-29,completed,-72.46,0
O000647,C00048,03/10/2021,refunded,661.75,15
O000648,C00194,2023-11-27,refunded,737.35,20
O000649,C00029,2021-04-26,completed,562.25,25
O000650,C00360,18/10/2021,completed,1771.47,5
O000651,C00256,27/09/2021,cancelled,1930.63,15
O000652,C00290,2024-02-16,completed,1646.03,0
O000653,C00118,10/03/2023,refunded,70.12,5
O000654,C00139,2021-07-05,completed,706.59,0
O000655,C00351,2022-08-09,completed,428.28,10
O000656,C00092,2021-03-05,completed,325.47,10
O000657,C00107,28/10/2022,pending,1817.61,20
O000658,C00386,2022-03-10,refunded,430.33,25
O000659,C00040,2023-05-15,pending,1225.54,10
O000660,C00289,15/02/2022,refunded,650.85,5
O000661,C00347,2021-07-22,cancelled,350.3,20
O000662,C00197,07/09/2021,pending,702.55,25
O000663,C00353,2023-06-27,completed,1204.54,25
O000664,C00257,2024-08-07,cancelled,605.83,25
O000665,,01/02/2022,completed,495.68,0
O000666,C00224,09/01/2021,completed,669.24,5
O000667,C00175,29/05/2022,refunded,1519.16,20
O000668,C00397,26/12/2022,completed,1463.23,10
O000669,C00325,08/01/2024,refunded,1034.73,10
O000670,C00252,2024-12-27,cancelled,1924.15,5
O000671,C00284,29/08/2021,refunded,1814.74,15
O000672,C00096,04/03/2021,refunded,517.48,25
O000673,C00044,27/08/2021,cancelled,386.03,20
O000674,C00127,13/12/2024,completed,507.84,25
O000675,C00043,2022-05-17,pending,1027.95,10
O000676,C00195,2023-07-17,pending,530.69,25
O000677,C00379,2021-03-21,cancelled,660.57,15
O000678,C00185,2024-04-16,completed,1029.98,0
O000679,C00003,19/12/2024,refunded,1922.91,10
O000680,C00185,2023-08-30,completed,1411.87,10
O000681,C00068,15/08/2023,pending,1673.87,0
O000682,C00221,2024-08-02,refunded,1920.85,15
O000683,C00053,2023-10-26,completed,656.29,0
O000684,C00182,13/04/2022,completed,1301.33,20
O000685,C00306,2023-02-02,cancelled,-104.11,20
O000686,C00198,12/05/2024,cancelled,1335.54,0
O000687,C00212,09/06/2023,completed,283.74,15
O000688,C00372,2023-05-05,pending,861.35,20
O000689,C00293,11/07/2022,pending,1259.23,20
O000690,,2021-04-24,refunded,548.77,25
O000691,C00087,2024-05-02,cancelled,1245.63,5
O000692,C00155,2024-01-05,refunded,1374.33,10
O000693,C00075,09/05/2022,pending,1289.02,0
O000694,C00223,28/03/2023,refunded,1467.32,10
O000695,C00154,2021-12-08,completed,562.62,15
O000696,C00185,2021-10-13,pending,1610.54,10
O000697,C00370,20/03/2023,refunded,66.16,25
O000698,C00305,2021-04-16,pending,1131.97,20
O000699,C00235,2024-05-06,pending,415.34,0
O000700,C00156,24/02/2023,refunded,13.84,0
O000701,,05/09/2021,refunded,1830.05,10
O000702,C00169,09/10/2022,cancelled,1973.92,15
O000703,C00221,24/04/2023,pending,1330.0,25
O000704,C00154,2023-04-15,pending,629.02,10
O000705,C00246,19/09/2022,pending,1622.48,10
O000706,C00204,23/05/2021,cancelled,1627.68,10
O000707,C00377,27/06/2022,refunded,954.31,25
O000708,C00295,10/12/2021,cancelled,1042.22,5
O000709,C00193,2024-10-04,refunded,1735.02,10
O000710,C00187,28/11/2021,pending,1077.86,0
O000711,C00304,28/10/2023,pending,1176.36,20
O000712,,31/05/2022,completed,691.95,25
O000713,C00373,2022-05-30,pending,379.46,15
O000714,C00225,2022-07-15,completed,427.42,10
O000715,C00210,02/04/2022,refunded,1918.46,25
O000716,C00072,06/12/2021,cancelled,1978.27,25
O000717,C00124,15/03/2024,pending,268.16,10
O000718,C00367,2023-08-19,refunded,1000.96,15
O000719,C00038,05/04/2023,refunded,298.52,15
O000720,C00299,2023-01-08,refunded,119.0,15
O000721,C00279,23/05/2023,cancelled,887.63,0
O000722,C00360,2024-07-03,completed,448.06,20
O000723,C00056,2024-03-14,cancelled,851.94,5
O000724,C00086,2023-10-06,completed,-48.52,25
O000725,C00289,14/01/2021,refunded,720.66,25
O000726,C00386,2021-06-28,refunded,995.65,10
O000727,C00055,06/11/2023,completed,353.01,0
O000728,C00133,2022-06-22,pending,508.71,5
O000729,C00229,2022-11-24,refunded,394.84,10
O000730,C00238,09/01/2022,pending,1307.41,25
O000731,C00177,06/11/2024,refunded,716.57,0
O000732,C00054,25/09/2023,refunded,633.52,10
O000733,C00044,2023-08-12,pending,1509.47,0
O000734,C00179,2024-11-28,cancelled,490.56,10
O000735,C00234,23/08/2023,refunded,1341.38,5
O000736,C00179,14/01/2022,completed,593.14,15
O000737,C00225,2021-03-03,refunded,1410.28,25
O000738,C00164,27/11/2023,cancelled,569.82,0
O000739,C00023,2024-10-07,completed,1297.77,25
O000740,C00012,14/05/2022,completed,1301.93,10
O000741,C00347,16/08/2022,pending,555.66,5
O000742,C00265,23/11/2024,pending,1083.16,5
O000743,C00170,21/05/2024,refunded,1531.98,20
O000744,C00237,26/06/2021,refunded,1186.24,5
O000745,C00323,23/08/2022,pending,1320.93,5
O000746,C00328,03/02/2022,refunded,1426.88,25
O000747,C00203,20/04/2023,pending,1657.2,0
O000748,C00231,30/01/2024,refunded,1183.12,20
O000749,C00200,16/03/2022,pending,1598.44,0
O000750,C00106,2021-02-08,completed,1042.35,10
O000751,C00296,2024-11-16,pending,1257.36,0
O000752,C00188,14/03/2023,pending,-252.02,10
O000753,C00235,2024-07-01,cancelled,1062.66,0
O000754,C00344,11/04/2024,cancelled,72.17,15
O000755,C00306,2022-08-06,refunded,1080.28,15
O000756,C00301,2023-03-10,cancelled,-453.94,0
O000757,C00181,01/06/2024,pending,567.66,15
O000758,C00345,2023-03-02,cancelled,48.62,25
O000759,C00315,24/11/2022,completed,1416.61,20
O000760,C00345,27/01/2023,cancelled,1227.4,5
O000761,C00061,10/03/2021,cancelled,263.5,5
O000762,C00060,2022-04-06,cancelled,217.23,5
O000763,C00356,27/10/2024,refunded,1450.12,5
O000764,C00215,10/10/2023,pending,243.78,20
O000765,C00295,2021-10-27,refunded,1614.4,15
O000766,C00096,2022-05-13,pending,388.22,15
O000767,C00285,2023-03-10,refunded,719.82,5
O000768,C00148,2021-05-08,pending,1361.18,5
O000769,C00162,2021-05-30,completed,38.05,15
O000770,C00184,2021-09-18,refunded,1210.38,0
O000771,C00070,16/04/2024,refunded,75.19,5
O000772,C00288,16/04/2023,refunded,774.77,20
O000773,C00210,2023-04-09,refunded,1657.96,25
O000774,C00213,2021-01-12,refunded,1710.43,25
O000775,C00251,2023-09-01,completed,308.17,5
O000776,C00290,2021-04-12,pending,70.66,0
O000777,C00150,2021-11-24,cancelled,1776.49,0
O000778,C00116,08/11/2023,cancelled,851.6,20
O000779,C00087,05/09/2023,refunded,962.24,15
O000780,C00282,16/04/2024,completed,815.45,20
O000781,C00294,28/11/2021,cancelled,-178.33,0
O000782,C00397,2024-09-05,cancelled,1820.49,20
O000783,C00278,2023-12-01,refunded,139.9,0
O000784,C00280,21/10/2022,refunded,895.22,5
O000785,C00053,22/07/2024,pending,1430.58,25
O000786,C00153,2021-06-11,refunded,,0
O000787,C00135,16/11/2021,completed,1258.62,10
O000788,C00225,16/04/2023,pending,16.09,0
O000789,C00108,11/07/2024,cancelled,799.94,25
O000790,C00364,28/12/2023,refunded,411.09,20
O000791,C00085,2024-09-26,pending,1841.52,20
O000792,C00106,2024-02-26,completed,1682.1,5
O000793,,2024-04-19,cancelled,1625.08,20
O000794,C00273,08/11/2022,pending,1463.13,10
O000795,C00166,2023-10-02,cancelled,1666.32,25
O000796,C00149,22/06/2024,cancelled,1786.04,20
O000797,C00264,2024-12-30,completed,1485.96,25
O000798,C00070,2021-04-23,completed,1491.96,15
O000799,C00142,2024-03-06,pending,869.61,25
O000800,C00360,2023-12-02,pending,1185.17,5
O000801,C00075,27/08/2021,cancelled,62.16,25
O000802,C00127,06/02/2021,refunded,1685.62,25
O000803,C00251,2022-12-15,cancelled,1168.18,5
O000804,C00322,2024-01-19,refunded,725.08,15
O000805,C00232,31/05/2022,completed,1558.82,0
O000806,C00207,2021-02-28,cancelled,,20
O000807,C00356,16/05/2021,refunded,757.46,10
O000808,C00250,2021-04-24,completed,1487.55,10
O000809,C00397,2021-03-26,completed,37.81,25
O000810,C00375,2021-10-04,cancelled,1231.05,15
O000811,C00033,2024-05-18,refunded,284.83,20
O000812,,2022-01-27,refunded,1664.41,5
O000813,C00109,2023-05-17,cancelled,480.22,15
O000814,C00166,20/04/2021,cancelled,1757.05,10
O000815,C00281,13/06/2023,pending,983.82,20
O000816,,30/06/2024,refunded,1310.28,20
O000817,C00176,2021-12-20,completed,1172.29,25
O000818,C00024,16/11/2024,refunded,661.07,0
O000819,C00009,06/02/2022,pending,1320.47,0
O000820,C00226,2022-09-26,completed,1299.32,15
O000821,C00220,26/08/2022,pending,483.29,5
O000822,C00333,2022-12-02,pending,1582.92,10
O000823,C00141,2023-09-07,cancelled,233.08,0
O000824,C00129,2022-09-21,cancelled,1992.29,0
O000825,C00341,04/11/2022,pending,992.88,25
O000826,C00027,2022-05-07,cancelled,,15
O000827,C00372,2021-01-27,pending,800.97,25
O000828,C00220,29/08/2022,completed,1182.08,25
O000829,C00361,2023-11-12,completed,607.64,0
O000830,C00110,2021-07-03,completed,178.7,15
O000831,C00068,11/04/2023,pending,1120.19,20
O000832,C00266,2021-01-10,refunded,1543.51,25
O000833,C00005,24/09/2023,cancelled,189.21,0
O000834,C00062,2024-01-24,pending,106.85,15
O000835,C00245,19/08/2023,pending,557.01,0
O000836,C00197,09/04/2021,completed,150.27,0
O000837,,20/03/2024,cancelled,1494.75,0
O000838,C00189,2024-03-04,pending,1980.39,10
O000839,C00196,29/06/2023,pending,1324.56,5
O000840,,12/03/2021,completed,613.85,0
O000841,C00313,25/12/2023,pending,389.38,25
O000842,C00226,10/08/2024,pending,1359.03,10
O000843,C00322,23/04/2021,pending,1540.43,25
O000844,C00211,2022-07-10,refunded,478.55,20
O000845,C00112,2024-12-12,completed,1956.31,0
O000846,C00072,21/02/2023,refunded,1249.94,0
O000847,C00180,14/06/2021,cancelled,650.44,15
O000848,C00072,2022-03-27,cancelled,1729.64,5
O000849,C00331,2024-05-07,pending,580.68,0
O000850,C00284,02/12/2023,cancelled,438.56,20
O000851,C00399,14/04/2022,completed,1249.47,25
O000852,C00338,2023-08-01,pending,553.14,10
O000853,C00266,2021-05-15,pending,115.53,20
O000854,C00383,2022-03-14,cancelled,409.33,15
O000855,C00331,03/04/2024,pending,1989.66,0
O000856,C00254,10/12/2024,completed,1690.38,15
O000857,C00124,11/11/2022,completed,1741.49,15
O000858,C00271,16/08/2022,cancelled,1375.4,0
O000859,C00163,06/09/2022,refunded,822.95,5
O000860,C00292,2024-07-01,cancelled,323.46,15
O000861,,2023-10-24,pending,293.14,20
O000862,C00391,2021-02-17,completed,1888.79,15
O000863,C00009,2023-01-07,completed,702.26,20
O000864,C00008,2021-08-31,pending,948.53,10
O000865,C00021,2023-04-09,refunded,1340.49,0
O000866,C00260,2021-12-08,refunded,1955.24,10
O000867,C00217,2021-07-31,refunded,600.91,25
O000868,C00043,2024-03-06,pending,1589.22,25
O000869,C00143,2022-08-31,cancelled,395.65,0
O000870,C00041,22/05/2024,pending,899.12,20
O000871,C00080,23/05/2024,cancelled,679.85,20
O000872,C00201,12/08/2024,completed,639.76,20
O000873,C00159,28/04/2023,refunded,1494.43,25
O000874,C00374,2022-04-04,completed,426.77,5
O000875,C00126,2023-09-12,refunded,82.5,0
O000876,C00060,12/08/2021,completed,401.38,15
O000877,C00159,2022-04-09,pending,1094.33,25
O000878,C00062,19/11/2023,pending,1008.31,0
O000879,C00360,09/10/2024,pending,552.25,0
O000880,C00255,2024-11-21,cancelled,1291.73,10
O000881,,2024-05-20,cancelled,-38.42,5
O000882,C00065,09/09/2024,cancelled,624.14,25
O000883,C00376,2024-02-07,completed,1737.35,0
O000884,C00172,2023-10-04,cancelled,987.25,15
O000885,C00269,2022-08-03,cancelled,371.09,0
O000886,C00365,2021-01-18,completed,879.34,20
O000887,C00255,2023-05-10,cancelled,1462.07,15
O000888,C00029,20/09/2024,pending,1039.84,15
O000889,C00189,2023-05-13,cancelled,41.67,5
O000890,C00396,2021-08-08,completed,1431.96,0
O000891,C00117,2021-07-11,completed,810.32,25
O000892,C00023,2021-03-06,pending,1191.29,0
O000893,C00024,2021-01-08,cancelled,1654.83,15
O000894,,2023-06-09,pending,1759.07,15
O000895,C00092,2023-07-16,refunded,609.91,0
O000896,C00115,05/09/2022,pending,411.36,10
O000897,C00214,2023-04-15,cancelled,1899.65,25
O000898,C00139,01/05/2023,cancelled,1015.74,0
O000899,C00062,2021-05-13,completed,239.39,20
O000900,C00092,2022-04-19,completed,872.51,5
O000901,C00206,2021-11-23,refunded,1113.29,0
O000902,C00145,08/03/2024,cancelled,307.97,10
O000903,C00045,2024-02-26,refunded,1692.46,20
O000904,C00005,2024-11-04,pending,457.8,10
O000905,C00150,2024-02-02,cancelled,967.01,20
O000906,C00379,2022-06-19,pending,1002.67,20
O000907,C00238,25/11/2021,refunded,1148.6,10
O000908,C00396,2022-10-04,pending,249.95,5
O000909,C00078,07/11/2024,refunded,1631.66,0
O000910,C00013,2023-10-01,cancelled,785.45,5
O000911,C00326,2024-08-15,completed,689.29,25
O000912,C00172,08/03/2023,refunded,1517.86,0
O000913,C00378,2021-08-10,cancelled,315.93,25
O000914,C00054,2021-09-08,pending,1718.1,5
O000915,C00215,13/10/2021,completed,1603.34,15
O000916,C00073,09/12/2021,cancelled,463.34,25
O000917,C00048,17/08/2023,pending,481.0,0
O000918,C00267,2024-07-20,cancelled,325.91,15
O000919,C00235,2022-01-28,completed,28.39,25
O000920,C00298,2021-10-29,pending,1257.04,0
O000921,C00327,2021-06-28,completed,829.83,15
O000922,C00304,2021-10-09,completed,1822.22,20
O000923,C00223,09/11/2023,pending,672.28,25
O000924,C00122,27/05/2024,cancelled,23.69,10
O000925,C00162,2023-06-01,cancelled,454.85,15
O000926,C00163,16/08/2024,cancelled,444.12,15
O000927,C00120,26/03/2021,pending,884.78,0
O000928,C00070,15/08/2024,completed,477.54,20
O000929,C00080,12/03/2024,pending,589.61,0
O000930,C00231,19/12/2024,cancelled,1839.75,15
O000931,C00209,2023-05-03,cancelled,1222.31,0
O000932,C00395,18/12/2022,refunded,-4.72,5
O000933,C00158,29/09/2023,cancelled,404.36,15
O000934,C00062,2023-05-04,pending,489.08,0
O000935,C00352,2021-04-24,completed,1997.79,10
O000936,C00111,2022-03-28,pending,458.79,10
O000937,C00047,10/11/2023,pending,556.62,25
O000938,C00183,2021-04-15,completed,345.55,15
O000939,C00347,25/01/2022,cancelled,1030.78,10
O000940,C00090,2021-06-02,refunded,595.7,0
O000941,C00232,2021-11-03,pending,454.41,20
O000942,C00049,02/02/2024,completed,357.18,15
O000943,C00072,21/06/2023,completed,833.07,0
O000944,C00032,27/01/2023,pending,830.34,5
O000945,C00102,29/05/2022,cancelled,1115.67,15
O000946,C00352,2022-07-09,completed,1130.88,25
O000947,,2021-07-19,cancelled,906.57,20
O000948,C00039,09/11/2023,completed,351.79,0
O000949,C00102,16/10/2023,refunded,1853.52,25
O000950,C00066,2021-12-31,cancelled,1249.03,0
O000951,C00063,2021-06-05,refunded,93.3,0
O000952,C00026,2022-03-19,refunded,606.3,5
O000953,C00371,2023-08-21,refunded,1005.07,15
O000954,,19/04/2021,refunded,1246.75,0
O000955,C00350,30/10/2024,pending,1671.54,15
O000956,C00182,2021-10-28,pending,1320.28,5
O000957,C00141,2022-05-09,refunded,17.41,10
O000958,C00077,25/01/2023,pending,1982.49,0
O000959,C00332,2022-12-02,refunded,1469.65,10
O000960,C00211,26/05/2022,refunded,1435.7,20
O000961,C00032,2023-08-16,cancelled,106.5,0
O000962,,2023-10-22,pending,1319.2,15
O000963,,2022-04-20,pending,1733.68,15
O000964,C00330,14/12/2023,pending,1220.75,20
O000965,C00323,2023-06-27,completed,1948.7,20
O000966,C00196,2021-08-25,cancelled,522.04,25
O000967,C00246,2023-05-29,refunded,49.24,20
O000968,C00177,2023-05-31,cancelled,907.87,20
O000969,C00199,2022-07-21,pending,902.98,10
O000970,,08/06/2024,cancelled,213.72,0
O000971,C00306,2022-05-07,completed,890.14,5
O000972,,28/10/2022,completed,1602.49,10
O000973,C00242,2021-09-19,cancelled,1257.57,20
O000974,C00393,2021-01-08,pending,286.03,20
O000975,C00082,02/05/2022,pending,1309.6,0
O000976,C00337,2022-01-18,cancelled,963.82,5
O000977,C00274,05/05/2024,completed,1752.88,25
O000978,C00392,11/12/2021,refunded,1305.09,5
O000979,C00182,2024-01-12,pending,108.98,5
O000980,C00122,24/02/2024,cancelled,1913.12,20
O000981,C00378,23/09/2023,cancelled,1515.37,25
O000982,C00303,2022-11-09,cancelled,1915.61,0
O000983,C00291,06/03/2022,pending,233.45,20
O000984,C00289,2024-07-29,refunded,670.88,5
O000985,C00278,13/07/2022,pending,1171.15,10
O000986,C00252,28/07/2021,completed,1112.5,0
O000987,C00029,22/11/2023,pending,-316.48,5
O000988,C00011,2024-02-13,refunded,856.58,20
O000989,C00001,2022-05-31,pending,798.16,10
O000990,C00067,25/09/2024,pending,182.1,10
O000991,C00166,16/01/2023,completed,301.32,0
O000992,C00076,21/12/2022,pending,1534.02,20
O000993,C00397,23/11/2022,cancelled,1553.45,0
O000994,C00038,2022-07-12,refunded,685.97,10
O000995,C00301,18/04/2024,cancelled,148.14,0
O000996,C00155,20/04/2022,pending,1827.3,10
O000997,C00081,27/01/2023,refunded,1857.33,25
O000998,C00328,2023-05-07,cancelled,1292.76,15
O000999,C00090,2021-06-19,cancelled,1904.15,25
O001000,C00115,01/10/2021,pending,299.22,25
O001001,,2023-09-30,cancelled,1366.76,15
O001002,C00376,01/08/2023,cancelled,446.04,25
O001003,C00066,2021-05-08,completed,1560.42,5
O001004,C00360,2024-07-31,refunded,1128.14,20
O001005,C00395,2022-03-12,completed,829.17,20
O001006,C00094,2024-08-26,cancelled,1366.82,20
O001007,C00314,2024-07-07,completed,1461.41,5
O001008,C00255,06/08/2021,cancelled,542.62,5
O001009,C00382,2024-10-16,pending,942.4,0
O001010,C00178,2023-04-17,pending,775.74,10
O001011,C00326,02/11/2021,cancelled,,0
O001012,C00229,13/02/2022,cancelled,1856.4,0
O001013,C00108,14/02/2024,completed,859.59,5
O001014,C00180,2024-10-08,completed,1888.46,10
O001015,C00369,01/09/2023,completed,1480.13,0
O001016,C00198,2021-04-29,refunded,1079.42,15
O001017,,05/02/2024,refunded,357.36,5
O001018,C00253,2021-04-28,cancelled,391.93,15
O001019,C00280,2024-10-17,completed,1482.49,15
O001020,C00246,2021-01-29,pending,1041.58,20
O001021,C00084,12/08/2024,completed,423.38,15
O001022,C00018,27/02/2023,completed,1150.46,10
O001023,,2023-09-09,cancelled,,10
O001024,C00054,2021-02-18,cancelled,1762.24,0
O001025,C00088,2024-06-16,pending,1329.84,15
O001026,C00375,2023-06-23,completed,1929.0,0
O001027,,2023-06-19,refunded,1018.59,10
O001028,C00361,2022-09-22,refunded,345.3,0
O001029,C00335,2024-04-09,refunded,1079.0,5
O001030,C00081,2023-07-06,completed,360.33,0
O001031,C00170,2021-11-27,pending,506.62,5
O001032,C00210,2024-11-08,cancelled,619.63,25
O001033,C00339,26/02/2021,cancelled,1684.45,10
O001034,C00122,07/05/2023,completed,602.77,0
O001035,C00202,09/02/2022,refunded,,20
O001036,C00079,2023-04-25,cancelled,1105.78,0
O001037,C00002,2024-10-20,completed,915.04,15
O001038,C00151,19/04/2023,refunded,1327.56,25
O001039,C00103,04/01/2023,completed,307.05,0
O001040,C00106,2023-10-13,cancelled,1866.16,5
O001041,C00042,2024-04-19,completed,1759.68,15
O001042,,2021-08-19,refunded,658.72,10
O001043,C00242,23/07/2022,cancelled,1506.76,15
O001044,C00047,02/09/2022,refunded,1436.26,25
O001045,C00095,2021-12-13,refunded,1231.29,10
O001046,C00190,16/10/2024,refunded,-285.35,5
O001047,C00023,14/04/2024,refunded,955.24,10
O001048,C00239,05/07/2023,pending,1100.64,10
O001049,C00138,2024-02-14,completed,1421.0,20
O001050,C00078,2024-08-24,completed,1257.98,25
O001051,C00044,2022-03-29,cancelled,146.79,25
O001052,C00278,27/07/2021,pending,30.69,15
O001053,C00284,2022-12-23,refunded,614.28,0
O001054,C00268,18/02/2023,refunded,235.3,15
O001055,C00294,2023-03-04,refunded,1129.78,5
O001056,C00154,2021-05-21,refunded,1249.2,0
O001057,C00366,09/09/2022,pending,373.63,0
O001058,C00062,2022-07-20,pending,584.59,15
O001059,C00086,2023-02-20,pending,1495.98,5
O001060,,17/01/2021,completed,427.77,5
O001061,C00217,27/10/2023,refunded,1666.24,0
O001062,C00104,07/01/2022,pending,1036.62,25
O001063,C00305,10/08/2024,cancelled,746.4,10
O001064,C00373,2024-06-06,completed,846.93,0
O001065,C00199,12/08/2023,refunded,1785.16,20
O001066,C00283,2023-11-29,cancelled,1501.46,10
O001067,C00267,15/09/2021,completed,116.89,15
O001068,C00359,2024-03-22,refunded,1077.26,20
O001069,C00058,10/03/2023,pending,1236.01,15
O001070,C00076,2021-08-07,completed,217.24,20
O001071,C00055,25/11/2022,completed,209.66,20
O001072,C00147,05/09/2021,cancelled,1602.9,20
O001073,C00211,2021-10-06,refunded,604.46,10
O001074,C00336,30/05/2023,refunded,320.24,15
O001075,C00020,29/05/2023,cancelled,767.7,5
O001076,C00207,2023-10-22,refunded,1363.32,5
O001077,C00020,2024-09-16,cancelled,1935.15,15
O001078,C00354,16/08/2021,completed,180.96,5
O001079,C00382,2024-02-18,cancelled,115.79,15
O001080,C00191,2024-02-12,cancelled,945.28,0
O001081,C00156,22/01/2023,cancelled,1495.08,10
O001082,C00252,2024-12-29,completed,454.65,25
O001083,C00117,12/07/2022,cancelled,184.37,5
O001084,C00381,04/03/2021,cancelled,494.7,15
O001085,C00138,06/12/2021,refunded,931.42,25
O001086,C00310,28/03/2024,completed,1546.13,25
O001087,C00097,2023-01-28,pending,798.33,15
O001088,C00209,27/12/2021,refunded,1022.43,25
O001089,C00389,08/04/2021,cancelled,1512.35,20
O001090,C00029,15/02/2022,pending,1052.02,20
O001091,C00034,28/07/2022,refunded,826.0,10
O001092,C00070,2021-12-30,completed,738.77,20
O001093,C00089,08/03/2021,pending,1585.74,5
O001094,C00030,2023-11-05,completed,1103.44,5
O001095,C00234,2021-11-18,cancelled,404.89,0
O001096,C00361,16/03/2023,cancelled,929.93,5
O001097,C00189,11/11/2024,refunded,1572.82,15
O001098,C00326,14/05/2024,completed,96.25,0
O001099,C00124,16/07/2022,refunded,512.38,10
O001100,,2022-08-26,refunded,1349.32,20
O001101,C00091,31/12/2022,cancelled,398.34,15
O001102,C00177,2024-11-26,cancelled,339.58,5
O001103,C00384,2022-12-08,completed,569.22,25
O001104,C00146,2024-10-01,refunded,990.07,0
O001105,C00026,14/03/2021,pending,178.86,5
O001106,C00114,03/03/2021,pending,64.82,25
O001107,C00347,05/10/2023,cancelled,131.65,5
O001108,,19/05/2022,refunded,935.09,25
O001109,C00263,10/06/2021,completed,276.02,0
O001110,C00243,30/12/2023,pending,535.64,5
O001111,C00308,2023-03-21,pending,592.88,0
O001112,,2023-09-12,cancelled,1127.37,10
O001113,C00365,12/07/2024,cancelled,101.41,25
O001114,C00217,01/03/2022,cancelled,542.39,15
O001115,C00236,20/07/2024,pending,1673.69,10
O001116,C00239,2024-02-27,refunded,84.18,10
O001117,C00300,2022-02-14,completed,1307.58,0
O001118,C00262,18/06/2023,cancelled,866.15,25
O001119,C00288,2023-04-26,cancelled,624.64,25
O001120,C00153,2023-06-05,completed,1391.82,25
O001121,C00247,2021-09-28,cancelled,1600.44,0
O001122,C00142,2022-08-09,cancelled,1938.29,25
O001123,C00142,13/10/2023,cancelled,1335.17,10
O001124,C00097,2022-08-12,pending,1337.52,5
O001125,C00030,2022-07-22,refunded,971.69,20
O001126,C00339,2023-07-02,pending,1148.2,10
O001127,C00370,2023-10-12,refunded,1639.5,0
O001128,C00152,2024-10-27,refunded,131.31,10
O001129,C00208,21/07/2024,completed,1715.91,15
O001130,C00299,01/05/2021,pending,,25
O001131,C00176,14/03/2023,pending,1648.35,25
O001132,C00352,26/01/2022,refunded,274.52,20
O001133,C00344,08/08/2022,cancelled,242.42,10
O001134,C00088,2024-11-10,pending,257.64,25
O001135,C00151,2021-12-13,refunded,576.28,0
O001136,C00066,14/03/2023,cancelled,-389.85,25
O001137,C00372,2022-09-23,pending,201.19,20
O001138,C00349,2022-07-03,completed,1699.64,10
O001139,,23/06/2024,cancelled,1145.26,5
O001140,C00115,2024-09-09,cancelled,317.48,25
O001141,C00216,2022-06-20,cancelled,460.13,10
O001142,C00134,2023-01-27,cancelled,35.56,20
O001143,C00238,2024-05-16,refunded,721.89,0
O001144,C00028,2023-01-19,completed,1149.68,25
O001145,C00242,2024-10-10,completed,490.6,5
O001146,C00349,28/07/2023,cancelled,1236.36,15
O001147,C00212,11/01/2021,pending,1079.7,0
O001148,C00071,19/02/2023,cancelled,1691.01,5
O001149,C00210,2024-10-02,refunded,267.21,20
O001150,C00074,04/08/2021,pending,529.73,10
O001151,C00399,15/11/2022,refunded,272.31,0
O001152,,2021-09-15,pending,1376.93,10
O001153,C00161,24/12/2021,completed,20.79,25
O001154,C00003,2021-04-30,cancelled,1452.98,15
O001155,C00108,2023-03-11,pending,389.13,5
O001156,C00251,27/09/2023,pending,200.8,0
O001157,C00315,13/03/2022,refunded,659.45,15
O001158,C00207,2021-11-25,refunded,723.33,15
O001159,C00197,2021-08-22,completed,95.85,0
O001160,C00274,18/10/2021,cancelled,688.79,5
O001161,C00008,2021-09-02,pending,925.81,10
O001162,C00010,2022-07-17,completed,790.49,25
O001163,C00321,2023-07-25,pending,724.78,25
O001164,C00116,20/01/2024,cancelled,1624.65,25
O001165,C00160,23/06/2024,completed,532.45,5
O001166,C00197,2021-07-03,cancelled,397.73,20
O001167,C00086,2023-10-24,completed,305.94,0
O001168,C00153,2021-12-24,refunded,1122.0,10
O001169,C00373,2022-10-07,cancelled,586.91,20
O001170,C00223,14/06/2024,pending,770.16,25
O001171,C00176,2022-05-28,cancelled,1394.28,15
O001172,C00385,2024-01-24,pending,1134.45,5
O001173,C00207,2021-06-26,pending,630.08,0
O001174,C00115,2023-01-19,pending,1638.81,25
O001175,C00109,15/11/2023,completed,1340.71,25
O001176,C00302,14/01/2023,pending,84.04,20
O001177,C00064,15/01/2023,completed,1927.41,10
O001178,C00193,2021-11-24,cancelled,864.49,25
O001179,C00395,2023-07-07,completed,230.37,20
O001180,C00305,08/09/2021,completed,118.08,0
O001181,C00335,2023-10-03,completed,1604.14,0
O001182,,2024-07-18,completed,1191.5,25
O001183,,01/10/2022,refunded,1316.27,15
O001184,C00195,2021-02-04,cancelled,785.2,0
O001185,C00243,2022-01-14,pending,1937.42,25
O001186,C00106,09/03/2021,completed,1816.53,25
O001187,C00155,2021-07-18,completed,1292.3,15
O001188,C00340,2023-06-10,cancelled,1047.76,20
O001189,C00319,2023-07-10,pending,1698.74,20
O001190,C00215,2021-09-08,completed,1904.54,0
O001191,C00145,2021-07-29,completed,1415.91,0
O001192,C00255,2023-09-05,pending,1731.83,5
O001193,C00399,2023-03-08,pending,1162.3,10
O001194,C00184,2021-03-02,refunded,1023.33,25
O001195,C00152,2024-10-15,completed,680.53,5
O001196,C00281,2023-06-08,pending,1762.8,15
O001197,C00353,2021-08-17,cancelled,1456.83,15
O001198,C00121,2021-03-28,completed,1528.8,0
O001199,C00344,16/09/2021,completed,1886.1,0
O001200,C00294,2022-02-06,refunded,1044.9,25
O001201,C00077,03/12/2024,completed,419.28,0
O001202,C00371,07/10/2021,completed,1946.93,25
O001203,C00132,2023-03-14,pending,1752.69,25
O001204,C00234,22/09/2022,cancelled,1320.56,10
O001205,C00238,21/07/2023,completed,265.47,0
O001206,C00090,2023-05-26,cancelled,644.54,0
O001207,C00185,18/09/2023,cancelled,319.47,25
O001208,C00219,29/01/2021,completed,14.8,25
O001209,C00049,26/09/2024,completed,425.42,0
O001210,C00071,23/01/2024,pending,,25
O001211,C00169,2024-02-05,refunded,323.39,10
O001212,C00319,25/10/2023,completed,689.07,10
O001213,C00191,2024-06-29,pending,54.81,10
O001214,C00059,2022-03-17,refunded,828.19,15
O001215,C00234,14/05/2021,refunded,783.19,10
O001216,C00354,03/12/2021,refunded,994.84,15
O001217,C00333,29/11/2022,completed,314.71,5
O001218,C00068,2023-08-01,completed,597.67,25
O001219,C00082,2023-01-03,refunded,1495.99,0
O001220,C00303,09/09/2024,refunded,457.69,15
O001221,C00093,2023-01-19,refunded,1712.07,20
O001222,C00399,22/09/2021,completed,809.02,10
O001223,C00351,07/12/2021,pending,100.41,25
O001224,C00248,2024-07-13,completed,1517.17,15
O001225,C00211,2022-10-01,completed,1778.12,15
O001226,C00033,23/07/2023,cancelled,529.4,10
O001227,C00007,2021-08-10,pending,34.37,25
O001228,C00343,2024-05-19,completed,1830.54,10
O001229,C00222,25/06/2023,pending,91.06,25
O001230,C00247,2024-06-28,refunded,1574.92,10
O001231,C00077,07/04/2024,completed,944.2,20
O001232,C00006,2021-10-10,pending,1938.26,25
O001233,C00259,2023-08-27,refunded,1998.98,15
O001234,,22/10/2023,completed,555.39,5
O001235,C00385,2023-03-05,cancelled,351.56,15
O001236,C00124,2022-02-15,cancelled,1785.69,10
O001237,C00026,2021-09-18,pending,1693.11,20
O001238,C00282,2024-01-30,refunded,1728.35,25
O001239,C00207,02/12/2023,completed,768.16,5
O001240,C00236,2022-06-17,refunded,910.49,15
O001241,C00046,03/12/2024,refunded,1383.76,15
O001242,C00162,06/12/2022,refunded,1401.63,0
O001243,C00382,2023-07-16,completed,1253.28,25
O001244,C00053,07/07/2023,refunded,1643.26,15
O001245,C00019,2021-04-17,completed,522.04,20
O001246,C00047,24/12/2021,cancelled,515.76,20
O001247,C00261,2022-08-11,pending,704.67,20
O001248,C00336,2022-08-22,refunded,44.68,25
O001249,C00175,25/07/2021,completed,220.15,10
O001250,C00115,2021-06-18,cancelled,-357.89,15
O001251,C00287,2021-01-26,refunded,259.52,20
O001252,C00367,2021-11-11,cancelled,1618.91,25
O001253,,24/03/2023,refunded,-454.99,25
O001254,C00059,2024-08-28,pending,1357.74,0
O001255,C00002,2024-11-13,cancelled,533.2,10
O001256,C00325,23/02/2023,cancelled,57.15,10
O001257,C00360,2023-11-30,completed,208.91,0
O001258,,15/10/2022,refunded,1324.71,5
O001259,C00072,07/07/2024,refunded,760.07,25
O001260,C00055,21/08/2021,pending,671.57,10
O001261,C00097,30/07/2023,refunded,1434.1,0
O001262,C00111,2021-05-30,pending,741.34,15
O001263,C00367,2021-10-03,completed,283.02,10
O001264,C00388,10/01/2023,completed,1324.46,15
O001265,C00325,01/11/2024,completed,712.09,25
O001266,C00396,2023-08-13,refunded,907.62,15
O001267,C00338,2023-07-21,pending,566.09,20
O001268,C00256,02/03/2021,completed,475.87,0
O001269,C00284,2024-09-25,refunded,993.38,15
O001270,C00261,02/05/2024,pending,317.9,5
O001271,C00375,06/04/2023,completed,1679.95,5
O001272,C00199,2023-02-21,cancelled,793.2,25
O001273,C00259,2024-03-14,refunded,785.0,15
O001274,C00312,02/07/2021,pending,1614.27,25
O001275,C00141,2021-05-25,cancelled,1954.24,15
O001276,C00151,2023-01-20,pending,1201.15,15
O001277,C00071,2023-10-22,cancelled,,15
O001278,C00360,22/07/2021,cancelled,916.37,20
O001279,,2024-11-02,pending,1820.85,25
O001280,C00103,2023-07-27,cancelled,833.18,5
O001281,C00352,2023-04-18,pending,1359.0,10
O001282,C00364,2024-07-09,pending,1641.3,25
O001283,C00258,02/01/2021,cancelled,1954.45,20
O001284,C00364,25/10/2024,cancelled,716.27,0
O001285,C00288,27/12/2024,refunded,131.09,15
O001286,C00346,18/04/2024,cancelled,1518.93,25
O001287,C00217,21/11/2023,completed,1167.79,0
O001288,C00013,2023-10-06,pending,1115.87,15
O001289,C00028,02/11/2022,completed,765.39,25
O001290,C00103,22/03/2023,pending,854.49,10
O001291,C00147,16/10/2022,cancelled,220.58,25
O001292,C00075,30/07/2022,cancelled,255.78,0
O001293,C00105,20/09/2024,completed,76.47,20
O001294,C00184,09/03/2021,completed,,15
O001295,C00316,2023-12-20,pending,1240.62,25
O001296,C00381,04/04/2023,refunded,121.27,25
O001297,C00122,29/10/2022,cancelled,1981.29,20
O001298,C00355,2021-12-23,completed,451.15,25
O001299,C00196,28/12/2024,refunded,748.16,15
O001300,C00351,2024-05-31,completed,474.41,10
O001301,C00007,2023-01-19,cancelled,1812.46,25
O001302,C00104,2024-05-11,refunded,1040.04,20
O001303,C00116,2024-04-09,cancelled,1138.84,25
O001304,C00387,2022-08-16,pending,61.84,20
O001305,C00398,2022-06-29,pending,1307.84,25
O001306,C00151,2023-07-05,pending,856.93,15
O001307,C00350,2024-06-03,pending,650.34,0
O001308,C00089,2024-02-26,completed,1853.3,25
O001309,C00194,11/11/2024,refunded,1058.93,0
O001310,C00143,29/03/2024,cancelled,1493.26,20
O001311,C00067,24/07/2024,cancelled,1209.54,5
O001312,C00003,19/12/2023,refunded,705.15,10
O001313,C00364,2023-06-14,completed,1584.09,5
O001314,C00079,01/06/2021,completed,528.43,10
O001315,C00397,23/10/2022,cancelled,1448.91,25
O001316,C00252,27/07/2021,cancelled,1812.04,20
O001317,C00038,31/01/2022,cancelled,993.21,25
O001318,C00270,12/01/2023,pending,1449.83,5
O001319,C00267,2024-04-04,pending,1934.47,0
O001320,C00213,28/12/2021,refunded,583.53,20
O001321,C00048,14/11/2024,pending,359.66,10
O001322,C00110,2024-08-27,cancelled,1080.31,25
O001323,C00170,2021-05-11,cancelled,729.52,10
O001324,C00112,2022-03-17,refunded,-410.54,20
O001325,C00288,2023-07-19,completed,1931.5,25
O001326,C00059,2024-09-24,cancelled,1199.51,25
O001327,,25/04/2023,pending,522.73,15
O001328,C00329,2022-09-27,pending,1472.54,20
O001329,C00021,05/02/2022,cancelled,1804.13,25
O001330,C00196,2021-10-21,refunded,1625.03,0
O001331,,2021-01-09,cancelled,1953.32,10
O001332,C00013,2024-01-07,cancelled,769.27,20
O001333,,2024-03-01,refunded,1959.75,20
O001334,C00250,2024-05-11,cancelled,1203.41,0
O001335,C00334,2021-01-12,cancelled,-115.24,5
O001336,C00264,17/06/2023,completed,214.36,0
O001337,C00086,2023-03-23,completed,402.82,20
O001338,C00321,2021-07-03,pending,770.02,0
O001339,C00344,2023-03-19,pending,450.23,25
O001340,C00351,2021-01-12,completed,1714.89,15
O001341,C00106,2022-08-06,refunded,34.55,20
O001342,C00332,14/10/2023,pending,1442.17,0
O001343,C00013,2021-11-16,cancelled,441.92,15
O001344,C00020,05/12/2023,completed,463.21,0
O001345,C00028,03/06/2024,cancelled,1679.4,5
O001346,C00286,2022-05-06,pending,1493.91,0
O001347,C00133,28/09/2022,refunded,1151.82,15
O001348,C00231,2022-07-17,refunded,962.97,25
O001349,C00222,2021-06-15,completed,,10
O001350,C00200,2021-08-29,completed,548.33,25
O001351,C00274,24/10/2022,completed,303.2,0
O001352,C00388,10/10/2023,completed,1615.0,25
O001353,C00359,2023-06-29,cancelled,1307.19,0
O001354,,30/01/2022,completed,588.76,20
O001355,C00149,2022-02-10,cancelled,616.15,25
O001356,C00311,21/08/2024,cancelled,625.73,0
O001357,C00392,2023-04-13,refunded,320.89,15
O001358,C00203,20/10/2022,completed,1705.47,25
O001359,C00243,28/05/2023,pending,1205.77,5
O001360,C00070,23/07/2022,refunded,1619.35,25
O001361,C00280,09/08/2023,pending,339.26,10
O001362,C00153,2022-03-05,cancelled,1864.11,25
O001363,C00006,24/11/2023,pending,53.39,20
O001364,C00064,2022-09-10,completed,723.21,0
O001365,C00294,2024-03-18,refunded,656.94,20
O001366,C00276,2021-11-13,completed,143.91,20
O001367,C00157,04/10/2022,cancelled,1321.09,5
O001368,C00109,08/05/2023,pending,1593.99,15
O001369,C00083,2024-05-02,pending,1388.18,5
O001370,C00316,17/05/2023,pending,,10
O001371,C00059,2023-01-20,completed,90.65,5
O001372,C00385,05/10/2021,refunded,1320.9,20
O001373,C00331,2022-07-30,completed,1434.03,20
O001374,C00149,2023-05-19,completed,1052.33,25
O001375,C00129,2023-05-13,pending,-160.33,0
O001376,C00372,2023-01-22,refunded,401.57,20
O001377,C00170,2022-01-30,pending,1255.68,10
O001378,C00344,22/04/2022,pending,1410.14,25
O001379,C00052,17/06/2023,completed,401.94,10
O001380,C00100,19/06/2022,refunded,1708.29,10
O001381,C00231,17/04/2024,cancelled,1817.0,10
O001382,C00356,2024-01-01,pending,1097.9,20
O001383,C00290,11/09/2022,cancelled,1261.53,20
O001384,C00162,2024-02-17,pending,51.88,15
O001385,C00003,03/08/2021,pending,1316.94,10
O001386,C00114,2024-08-21,refunded,324.92,25
O001387,C00142,03/09/2024,pending,242.27,10
O001388,C00348,2023-10-22,cancelled,1659.57,25
O001389,C00246,04/07/2021,refunded,167.67,15
O001390,C00184,2024-03-07,refunded,1759.3,10
O001391,C00283,2021-12-23,pending,1576.27,0
O001392,C00331,25/11/2022,completed,810.99,20
O001393,C00144,2024-05-01,pending,1941.96,5
O001394,C00135,23/12/2023,completed,791.84,25
O001395,C00373,2021-09-09,completed,863.23,0
O001396,C00260,05/06/2021,completed,728.73,25
O001397,C00298,2021-11-30,refunded,981.62,20
O001398,C00394,2023-03-01,pending,1757.07,20
O001399,C00019,2022-09-15,cancelled,958.7,20
O001400,C00279,06/05/2024,refunded,1906.36,20
O001401,C00335,2022-06-10,cancelled,291.11,5
O001402,C00201,29/05/2024,cancelled,1795.25,5
O001403,C00069,06/05/2023,completed,1569.23,15
O001404,C00204,12/08/2023,completed,1077.11,10
O001405,C00340,2023-12-19,pending,1914.87,5
O001406,C00388,2023-11-30,pending,1890.54,20
O001407,C00229,2024-01-03,pending,265.79,5
O001408,C00290,22/03/2021,pending,-108.83,20
O001409,C00377,07/09/2021,refunded,645.63,25
O001410,C00184,28/08/2022,pending,649.4,0
O001411,C00390,15/09/2023,pending,,15
O001412,C00033,09/01/2021,cancelled,1532.32,10
O001413,C00120,2024-06-03,pending,1672.78,0
O001414,C00266,2021-05-22,refunded,220.19,10
O001415,C00241,02/07/2024,completed,381.58,15
O001416,C00021,14/08/2021,cancelled,1666.69,25
O001417,C00053,2023-01-03,cancelled,-217.64,25
O001418,C00380,09/12/2024,pending,1761.31,10
O001419,C00193,22/07/2023,refunded,1311.24,25
O001420,C00188,2022-11-08,completed,487.46,20
O001421,C00265,17/05/2021,refunded,1081.58,10
O001422,C00115,10/04/2021,refunded,969.4,20
O001423,,2022-02-13,cancelled,16.93,10
O001424,C00250,11/12/2021,completed,362.89,15
O001425,C00257,2022-07-31,refunded,1047.55,5
O001426,C00085,05/05/2021,completed,1010.76,5
O001427,C00264,2023-08-05,cancelled,1582.92,25
O001428,,28/02/2021,pending,-473.58,5
O001429,C00096,2024-01-31,cancelled,1490.11,5
O001430,C00309,21/08/2022,completed,-251.27,25
O001431,C00339,16/12/2024,refunded,1473.78,5
O001432,C00170,15/09/2022,completed,1210.34,25
O001433,C00247,12/08/2023,refunded,1029.84,25
O001434,C00246,2023-10-17,pending,-30.52,5
O001435,C00332,21/03/2023,completed,468.12,15
O001436,C00125,2022-03-22,pending,230.71,0
O001437,C00294,11/01/2024,pending,1923.45,20
O001438,C00069,2023-07-18,completed,1893.63,25
O001439,C00294,31/03/2021,completed,617.64,5
O001440,C00086,16/04/2024,pending,-442.22,10
O001441,C00265,2024-06-28,completed,1839.87,15
O001442,C00369,2021-09-30,cancelled,1828.93,25
O001443,C00044,2023-09-22,refunded,1768.89,5
O001444,C00311,07/02/2023,refunded,1303.76,15
O001445,C00088,13/11/2022,refunded,-490.61,5
O001446,,2021-01-17,pending,,20
O001447,C00299,10/11/2021,cancelled,1583.39,5
O001448,C00086,2024-08-14,cancelled,1239.79,25
O001449,C00233,18/10/2023,completed,1624.26,20
O001450,C00118,16/12/2024,refunded,814.85,15
O001451,C00068,02/06/2024,completed,1151.99,0
O001452,C00104,16/03/2023,refunded,652.05,20
O001453,C00077,2022-03-21,completed,836.38,20
O001454,C00091,30/10/2021,completed,1455.15,15
O001455,C00273,2021-02-22,completed,284.74,20
O001456,C00048,02/05/2024,pending,107.38,15
O001457,C00309,2023-07-21,completed,1158.18,20
O001458,,2023-03-05,refunded,1149.52,25
O001459,,13/03/2023,refunded,1412.51,20
O001460,C00190,22/12/2023,refunded,641.09,0
O001461,C00118,2021-12-26,refunded,90.81,15
O001462,C00180,14/08/2023,completed,293.35,20
O001463,C00218,2021-09-21,cancelled,1871.05,5
O001464,C00245,14/11/2023,completed,1268.69,5
O001465,C00146,2021-02-26,refunded,809.13,20
O001466,C00132,13/07/2022,completed,1823.86,5
O001467,C00364,2022-01-07,completed,1702.96,25
O001468,C00296,2023-10-15,completed,754.35,20
O001469,,2021-01-01,completed,457.33,20
O001470,C00193,02/09/2021,pending,231.66,25
O001471,C00353,2021-05-15,refunded,1288.17,10
O001472,C00186,05/03/2022,pending,752.33,0
O001473,C00219,2024-04-26,cancelled,479.18,25
O001474,C00134,2022-09-13,refunded,1540.53,20
O001475,C00290,03/07/2022,cancelled,804.45,10
O001476,C00349,2023-11-07,pending,1204.06,15
O001477,C00212,06/09/2022,refunded,489.44,20
O001478,C00092,2022-09-22,refunded,192.82,10
O001479,C00130,30/06/2023,cancelled,1822.59,10
O001480,C00397,08/11/2021,refunded,582.78,25
O001481,C00377,2023-03-16,completed,1698.98,5
O001482,C00383,24/01/2021,refunded,-174.59,5
O001483,C00359,19/02/2024,completed,569.61,5
O001484,,30/12/2023,refunded,1955.72,5
O001485,C00174,17/04/2021,completed,1905.72,20
O001486,C00083,28/11/2024,completed,411.1,15
O001487,C00047,2021-05-21,refunded,453.75,5
O001488,C00308,2023-05-04,completed,1085.79,15
O001489,C00033,18/03/2022,pending,830.74,10
O001490,C00190,2024-02-03,completed,765.31,0
O001491,C00371,2024-07-12,refunded,971.96,15
O001492,C00315,2023-05-19,cancelled,1890.71,25
O001493,C00365,22/11/2024,completed,508.86,20
O001494,C00397,2023-06-25,refunded,1945.89,5
O001495,C00225,25/06/2022,pending,513.6,0
O001496,C00337,2022-06-24,cancelled,1610.66,20
O001497,C00100,20/06/2024,pending,1389.42,0
O001498,C00315,2022-03-06,completed,1485.31,5
O001499,C00185,2021-12-18,completed,1203.74,5
O001500,C00081,31/07/2023,cancelled,437.84,0
O001501,C00400,2021-10-30,cancelled,972.06,15
O001502,C00343,08/12/2022,refunded,1684.76,15
O001503,C00301,15/12/2024,completed,1004.92,5
O001504,C00378,2022-09-20,completed,,25
O001505,C00047,2023-06-13,cancelled,96.23,20
O001506,C00372,08/01/2021,cancelled,1299.96,20
O001507,C00178,2022-02-10,pending,68.53,10
O001508,C00311,2021-09-29,refunded,603.09,5
O001509,C00207,2022-09-25,completed,1822.44,20
O001510,C00134,2023-02-26,refunded,1172.32,5
O001511,C00260,15/06/2021,completed,1251.02,0
O001512,C00258,18/05/2023,cancelled,1241.43,10
O001513,C00060,2021-04-23,cancelled,290.56,20
O001514,C00276,2023-02-21,cancelled,1770.85,20
O001515,C00356,03/04/2022,refunded,794.61,15
O001516,C00289,2022-06-13,pending,378.12,15
O001517,,2021-07-01,refunded,1119.03,10
O001518,C00349,2024-06-01,completed,437.3,15
O001519,C00247,09/03/2023,cancelled,731.79,0
O001520,C00035,2022-02-05,pending,1866.1,15
O001521,C00347,22/09/2024,pending,1231.75,25
O001522,C00162,2023-04-16,cancelled,726.39,15
O001523,C00265,17/06/2024,completed,526.28,20
O001524,C00359,17/05/2024,pending,1025.47,10
O001525,C00148,13/06/2023,refunded,308.55,0
O001526,,24/01/2022,cancelled,1679.38,25
O001527,C00039,15/12/2023,pending,1793.41,20
O001528,C00244,19/11/2022,cancelled,1890.46,10
O001529,C00112,2022-08-09,cancelled,1888.81,20
O001530,C00094,2023-05-25,pending,279.3,25
O001531,C00256,2023-01-22,pending,1796.48,25
O001532,,11/04/2024,pending,1095.53,5
O001533,C00136,13/01/2022,pending,1442.23,5
O001534,C00104,2024-03-22,cancelled,,5
O001535,C00080,2022-06-12,completed,1254.91,0
O001536,C00041,2024-04-19,refunded,497.53,25
O001537,C00315,14/12/2022,completed,1187.56,0
O001538,C00247,25/11/2023,cancelled,12.17,10
O001539,C00253,2022-12-17,cancelled,1675.85,20
O001540,C00252,2024-10-24,cancelled,1862.99,5
O001541,C00204,2023-07-01,pending,1387.45,5
O001542,C00028,01/09/2024,refunded,1872.5,20
O001543,C00245,12/02/2021,completed,1765.09,20
O001544,C00258,2023-01-19,refunded,1879.33,10
O001545,C00352,2021-06-30,refunded,1961.05,5
O001546,C00062,2022-02-05,refunded,1969.54,25
O001547,,2021-04-15,completed,1978.24,10
O001548,C00007,18/08/2022,pending,260.58,25
O001549,C00195,2023-09-12,completed,213.07,20
O001550,C00167,10/05/2024,cancelled,98.76,10
O001551,C00096,2021-12-09,cancelled,1863.79,20
O001552,C00122,2023-11-18,refunded,1401.37,10
O001553,C00314,2023-12-26,cancelled,1208.37,10
O001554,C00095,24/12/2021,refunded,262.46,15
O001555,C00108,2024-05-28,cancelled,1453.55,15
O001556,C00187,2022-05-06,cancelled,1889.04,15
O001557,C00231,03/10/2022,pending,885.84,5
O001558,C00295,2022-07-03,pending,524.23,25
O001559,C00052,2023-03-14,cancelled,653.69,25
O001560,C00121,13/04/2023,refunded,1213.6,20
O001561,C00196,16/01/2021,pending,194.52,5
O001562,C00379,25/12/2023,refunded,1251.59,5
O001563,C00005,2024-07-16,refunded,696.1,5
O001564,C00256,14/02/2022,cancelled,768.97,5
O001565,C00250,21/01/2022,cancelled,791.79,10
O001566,C00288,23/03/2022,completed,160.27,20
O001567,C00204,2021-05-25,pending,789.91,0
O001568,C00031,12/09/2022,cancelled,804.2,5
O001569,C00244,13/11/2023,completed,1605.33,25
O001570,C00231,09/03/2024,cancelled,1808.8,25
O001571,C00134,2024-06-29,cancelled,413.38,10
O001572,C00287,2022-06-16,cancelled,607.5,20
O001573,C00177,2021-04-29,refunded,1922.26,0
O001574,C00063,2023-05-12,pending,481.84,10
O001575,C00296,2024-12-17,pending,1625.81,20
O001576,C00400,2021-10-05,cancelled,543.25,10
O001577,C00167,2023-01-11,refunded,1314.55,25
O001578,C00397,2022-05-03,refunded,1788.53,25
O001579,C00041,2022-07-04,cancelled,752.02,15
O001580,C00238,2021-12-06,pending,1888.3,25
O001581,C00086,2024-10-21,cancelled,114.08,25
O001582,C00216,2023-06-11,refunded,1378.75,25
O001583,C00037,2022-02-22,pending,1139.12,0
O001584,C00176,11/10/2021,cancelled,1335.18,5
O001585,C00163,2024-03-05,cancelled,705.12,25
O001586,C00364,2023-11-28,refunded,541.15,10
O001587,C00139,2024-12-16,cancelled,649.67,15
O001588,C00383,2024-11-14,refunded,220.36,20
O001589,C00212,23/10/2021,pending,507.09,5
O001590,C00012,2023-02-15,pending,-344.39,5
O001591,C00339,20/02/2024,completed,-172.9,10
O001592,C00108,2021-11-07,refunded,1507.17,5
O001593,C00053,31/12/2021,completed,1940.97,0
O001594,C00243,17/02/2024,completed,417.4,20
O001595,C00014,2022-01-12,completed,862.91,15
O001596,C00054,2024-09-17,pending,1735.2,10
O001597,C00044,2022-02-17,refunded,956.55,25
O001598,C00159,18/11/2021,pending,433.28,5
O001599,C00378,2021-12-23,refunded,1469.71,10
O001600,C00321,11/11/2021,pending,1665.64,5
O001601,C00270,21/07/2024,completed,-26.32,5
O001602,C00018,23/01/2022,cancelled,1055.66,25
O001603,C00167,2024-07-23,refunded,329.76,15
O001604,C00277,19/08/2023,refunded,1111.78,10
O001605,C00070,2022-07-08,pending,242.93,25
O001606,C00303,31/08/2021,refunded,1275.0,20
O001607,C00324,2024-04-25,refunded,851.7,25
O001608,C00269,2021-06-15,cancelled,352.06,25
O001609,C00178,06/07/2021,pending,1136.21,15
O001610,C00046,30/11/2024,cancelled,131.12,15
O001611,C00188,02/05/2021,cancelled,1593.55,15
O001612,C00080,16/11/2023,completed,1865.5,10
O001613,C00001,28/10/2023,pending,1365.22,20
O001614,C00177,05/02/2023,refunded,186.73,10
O001615,C00274,2023-08-12,refunded,196.13,0
O001616,C00387,11/01/2021,cancelled,691.94,15
O001617,C00005,2024-04-02,cancelled,1188.87,15
O001618,,24/08/2024,pending,1528.51,20
O001619,C00004,22/04/2023,cancelled,352.62,20
O001620,C00097,2021-03-07,refunded,1728.8,15
O001621,C00203,10/08/2024,pending,1586.58,5
O001622,C00367,2023-01-20,refunded,403.73,25
O001623,C00194,31/07/2022,cancelled,1107.35,5
O001624,C00041,23/08/2023,pending,1309.96,15
O001625,C00265,2022-05-05,cancelled,728.06,20
O001626,C00146,2023-02-04,cancelled,-142.23,25
O001627,C00212,2024-10-27,completed,1623.3,5
O001628,C00094,30/09/2024,cancelled,1549.56,5
O001629,C00057,2024-10-25,refunded,1420.44,25
O001630,C00317,12/06/2023,cancelled,1214.18,15
O001631,C00359,2024-09-11,refunded,22.12,20
O001632,C00097,2022-03-03,completed,1365.35,10
O001633,C00078,2023-02-02,completed,1721.74,0
O001634,C00096,12/10/2021,cancelled,794.12,0
O001635,C00138,02/04/2024,refunded,220.29,5
O001636,C00373,23/11/2024,pending,281.01,0
O001637,C00047,06/03/2023,completed,536.78,5
O001638,,2022-03-12,pending,1481.08,15
O001639,C00176,2022-09-11,cancelled,521.57,15
O001640,,12/12/2021,cancelled,690.39,15
O001641,C00238,11/03/2024,completed,1326.66,25
O001642,C00170,2023-06-15,pending,1585.63,0
O001643,C00029,2021-07-19,refunded,1750.41,10
O001644,C00037,2021-03-26,refunded,836.85,20
O001645,C00093,28/03/2023,cancelled,1590.14,5
O001646,C00196,26/05/2024,completed,1902.12,0
O001647,,20/10/2022,pending,322.06,25
O001648,C00198,2023-01-14,pending,-424.36,15
O001649,C00378,30/12/2024,pending,1278.43,0
O001650,C00236,21/04/2023,completed,163.21,25
O001651,C00267,20/02/2021,pending,826.89,25
O001652,C00243,2023-02-20,cancelled,1327.76,15
O001653,C00166,2022-06-24,completed,333.12,5
O001654,C00382,04/09/2022,completed,238.94,20
O001655,C00130,29/08/2024,cancelled,1455.91,15
O001656,C00102,2023-12-03,completed,692.73,10
O001657,C00342,20/04/2024,completed,1730.68,5
O001658,C00121,29/09/2021,refunded,,25
O001659,C00167,12/12/2022,pending,790.84,0
O001660,,2021-07-06,completed,124.22,10
O001661,C00203,2023-12-21,completed,503.01,5
O001662,C00022,2023-03-17,refunded,1959.55,20
O001663,C00353,16/12/2022,pending,987.05,20
O001664,C00191,06/05/2022,pending,1984.34,0
O001665,C00081,07/12/2023,completed,1380.74,15
O001666,C00352,2021-01-14,cancelled,1971.13,20
O001667,C00389,19/01/2021,completed,1347.82,25
O001668,C00031,14/11/2023,pending,1555.98,10
O001669,C00360,2021-11-24,completed,520.53,20
O001670,C00065,2022-08-13,pending,32.74,15
O001671,C00163,2023-06-22,cancelled,723.43,20
O001672,C00225,2021-06-06,pending,427.91,25
O001673,C00011,2022-05-21,refunded,87.34,25
O001674,C00184,16/07/2022,pending,1576.09,25
O001675,,10/08/2023,completed,121.68,10
O001676,,31/08/2024,refunded,1458.63,15
O001677,C00287,2022-02-08,refunded,724.84,10
O001678,C00098,2021-10-18,pending,762.99,20
O001679,C00279,03/05/2023,cancelled,676.97,10
O001680,C00375,13/02/2022,cancelled,,15
O001681,C00307,04/01/2022,pending,808.95,20
O001682,C00036,2022-02-23,pending,1448.16,20
O001683,C00231,2023-01-03,cancelled,483.68,10
O001684,C00278,2023-08-11,refunded,1195.12,10
O001685,C00001,17/06/2022,refunded,848.71,25
O001686,C00376,23/07/2022,completed,214.78,5
O001687,C00318,2021-10-13,pending,367.44,10
O001688,C00165,2023-02-14,completed,1195.96,25
O001689,C00338,21/10/2022,refunded,469.91,20
O001690,C00098,24/11/2021,refunded,1771.89,20
O001691,C00393,2022-10-14,pending,1189.33,20
O001692,C00314,2023-12-25,cancelled,363.57,10
O001693,C00210,2024-03-14,cancelled,1104.17,25
O001694,C00057,02/08/2022,completed,1647.8,0
O001695,C00023,22/07/2022,pending,633.35,5
O001696,C00017,2024-08-20,completed,774.54,5
O001697,C00249,15/09/2022,completed,1752.93,5
O001698,C00017,11/03/2022,refunded,137.74,20
O001699,C00337,02/12/2022,cancelled,172.4,15
O001700,C00026,2021-10-07,pending,366.3,10
O001701,C00311,07/06/2023,completed,1197.82,25
O001702,C00007,2021-07-23,refunded,788.01,5
O001703,C00041,14/06/2023,completed,376.63,15
O001704,C00185,2023-12-02,refunded,435.7,20
O001705,C00189,2021-12-22,completed,951.23,25
O001706,C00316,18/06/2024,completed,1103.41,10
O001707,,05/06/2021,completed,-152.84,25
O001708,C00156,25/01/2024,pending,1446.59,0
O001709,C00266,2022-02-24,completed,314.39,0
O001710,C00372,03/06/2024,refunded,1569.34,5
O001711,C00098,2022-01-02,pending,248.3,5
O001712,C00292,13/05/2023,pending,385.54,25
O001713,C00286,2022-11-03,refunded,485.46,25
O001714,C00383,23/08/2024,cancelled,743.39,0
O001715,C00346,15/08/2022,refunded,535.25,15
O001716,C00054,01/11/2021,pending,826.46,5
O001717,,15/08/2021,refunded,944.9,20
O001718,C00259,2024-05-27,pending,1224.93,10
O001719,C00274,2024-02-22,refunded,1917.41,20
O001720,,2021-08-21,cancelled,285.27,10
O001721,C00282,2023-01-05,cancelled,1393.8,10
O001722,C00212,05/06/2024,refunded,597.3,25
O001723,C00372,16/01/2021,pending,750.58,10
O001724,C00289,02/10/2021,pending,,20
O001725,C00193,2022-10-17,cancelled,1119.2,20
O001726,C00185,16/02/2023,refunded,1826.73,15
O001727,C00204,2021-07-28,completed,122.51,0
O001728,C00146,19/10/2024,completed,1436.57,20
O001729,C00266,12/08/2024,cancelled,1654.89,5
O001730,C00004,2023-09-07,pending,73.48,10
O001731,C00110,2023-03-15,completed,737.21,10
O001732,C00396,10/04/2023,cancelled,1946.22,25
O001733,C00284,2024-01-25,pending,69.14,20
O001734,C00049,2022-05-06,refunded,1395.05,0
O001735,C00183,04/05/2024,pending,605.47,5
O001736,C00136,26/01/2023,pending,1425.11,10
O001737,C00120,12/04/2022,cancelled,976.15,10
O001738,C00048,2022-01-25,refunded,56.21,20
O001739,C00292,2023-05-24,completed,1776.15,5
O001740,C00371,2024-08-26,refunded,727.36,10
O001741,C00089,2023-06-02,completed,1218.59,15
O001742,C00305,2021-03-16,cancelled,1984.62,25
O001743,C00020,11/09/2022,refunded,1575.52,25
O001744,C00041,03/06/2021,cancelled,76.23,0
O001745,C00179,2023-12-09,refunded,1577.63,15
O001746,C00062,2021-09-11,completed,1354.37,5
O001747,C00325,04/04/2021,refunded,1356.98,25
O001748,C00028,2021-12-01,completed,70.71,10
O001749,C00164,2024-06-18,pending,422.62,20
O001750,C00168,2022-01-31,pending,1058.01,20
O001751,C00079,2023-01-11,refunded,453.02,0
O001752,C00229,27/07/2024,completed,1117.71,20
O001753,C00114,06/09/2023,cancelled,1436.12,15
O001754,C00202,2021-05-30,pending,1624.24,5
O001755,C00173,2022-11-30,refunded,954.31,0
O001756,C00293,02/03/2024,completed,1241.02,25
O001757,C00281,04/06/2022,cancelled,703.99,15
O001758,C00044,08/02/2022,refunded,570.79,15
O001759,C00397,2022-07-15,pending,1178.74,25
O001760,C00391,2022-07-14,refunded,638.18,5
O001761,C00287,2023-05-21,refunded,1354.92,5
O001762,C00203,2023-05-17,pending,741.83,25
O001763,C00288,2024-12-18,pending,1944.98,20
O001764,C00125,2024-06-12,cancelled,468.0,0
O001765,C00398,2022-02-05,cancelled,1160.83,15
O001766,C00351,2022-06-19,completed,333.44,20
O001767,C00058,31/01/2021,refunded,-80.93,25
O001768,C00217,2022-10-02,cancelled,1549.06,10
O001769,C00098,08/07/2021,cancelled,1967.81,10
O001770,C00305,30/06/2022,completed,1510.9,25
O001771,C00395,2024-09-09,pending,524.4,10
O001772,C00180,2023-11-22,refunded,594.28,20
O001773,C00320,2023-07-30,refunded,711.04,5
O001774,C00023,06/11/2021,pending,498.61,5
O001775,C00351,2023-06-16,pending,227.3,10
O001776,C00388,2023-06-14,completed,1570.55,25
O001777,C00058,2023-10-07,completed,1377.8,25
O001778,C00125,2023-10-06,pending,1565.54,20
O001779,C00148,2023-04-17,cancelled,1819.58,0
O001780,C00356,29/09/2021,cancelled,1577.61,0
O001781,C00231,2024-04-27,completed,-127.24,15
O001782,C00170,19/03/2022,pending,1251.92,5
O001783,C00105,06/07/2022,cancelled,1558.1,20
O001784,C00281,2022-05-21,pending,789.98,15
O001785,C00356,2023-11-12,completed,1701.87,25
O001786,C00193,04/03/2023,completed,1815.83,20
O001787,C00131,28/01/2023,completed,1246.48,5
O001788,C00146,18/04/2024,cancelled,633.88,5
O001789,C00028,2024-02-19,completed,363.08,15
O001790,C00035,2022-11-26,cancelled,814.97,15
O001791,C00340,2024-10-13,cancelled,174.09,25
O001792,C00056,2021-05-02,cancelled,1308.06,0
O001793,C00333,2022-08-15,pending,1144.27,15
O001794,C00195,12/08/2023,completed,691.68,20
O001795,C00162,2022-03-22,completed,1147.0,15
O001796,C00096,2022-12-22,refunded,1555.56,5
O001797,C00288,2023-09-09,completed,1359.6,25
O001798,C00021,14/08/2021,cancelled,112.25,5
O001799,C00171,10/09/2024,refunded,1229.57,15
O001800,C00382,2021-09-18,completed,1161.34,5
O001801,C00178,23/09/2023,cancelled,,25
O001802,C00182,08/06/2024,cancelled,805.27,25
O001803,C00121,2024-12-13,cancelled,1018.93,20
O001804,C00032,09/06/2022,cancelled,1966.25,25
O001805,C00199,18/10/2022,cancelled,899.48,0
O001806,C00116,08/09/2023,cancelled,1407.29,5
O001807,C00202,10/08/2023,pending,177.52,25
O001808,C00045,2023-06-08,refunded,1997.52,25
O001809,C00267,2022-09-21,pending,843.56,25
O001810,C00214,11/08/2024,pending,1774.5,5
O001811,C00219,10/11/2024,cancelled,,10
O001812,C00230,21/04/2021,pending,1485.3,20
O001813,C00106,03/05/2021,pending,1339.22,25
O001814,C00298,09/09/2021,pending,1422.1,20
O001815,C00071,2022-06-18,pending,1295.54,10
O001816,C00221,21/12/2021,pending,1721.8,5
O001817,C00163,2022-05-02,completed,1951.94,0
O001818,,08/05/2022,cancelled,1212.57,5
O001819,C00075,2023-10-12,completed,1669.39,25
O001820,C00392,29/03/2022,refunded,1546.13,10
O001821,C00211,09/01/2024,refunded,363.32,10
O001822,C00382,2022-02-20,cancelled,1424.64,25
O001823,C00078,30/07/2023,completed,702.28,5
O001824,C00068,2023-09-29,completed,1069.93,5
O001825,C00391,07/09/2022,cancelled,1947.03,20
O001826,,2022-02-26,pending,1951.6,20
O001827,C00306,10/10/2024,pending,459.44,5
O001828,C00352,2022-11-23,cancelled,,0
O001829,C00041,2024-04-28,refunded,1511.9,25
O001830,C00069,02/09/2024,refunded,1998.13,20
O001831,C00365,29/12/2024,cancelled,1026.9,25
O001832,C00095,19/07/2022,refunded,1770.78,15
O001833,C00243,07/03/2024,pending,224.91,5
O001834,C00099,2023-07-01,completed,1265.98,5
O001835,C00210,21/03/2023,cancelled,380.46,0
O001836,C00212,01/12/2022,pending,508.07,5
O001837,C00388,2022-10-06,completed,727.57,5
O001838,C00091,17/09/2021,refunded,73.25,15
O001839,C00353,13/10/2021,refunded,174.86,10
O001840,C00127,2024-08-19,refunded,1924.99,15
O001841,C00398,05/02/2021,refunded,479.29,0
O001842,C00369,14/07/2021,refunded,890.01,10
O001843,C00314,05/02/2024,completed,1400.14,25
O001844,C00267,2021-12-31,refunded,1262.05,0
O001845,C00234,26/10/2023,pending,1282.77,0
O001846,C00266,26/01/2022,refunded,124.1,20
O001847,C00377,2024-03-01,refunded,1623.42,0
O001848,C00265,25/12/2023,completed,841.27,25
O001849,C00098,2024-03-10,refunded,1367.94,10
O001850,C00204,05/05/2021,cancelled,456.82,10
O001851,C00237,24/11/2021,refunded,1060.82,5
O001852,C00151,17/09/2021,completed,1827.37,20
O001853,C00354,09/09/2022,pending,698.38,20
O001854,C00238,2021-06-10,refunded,1383.82,25
O001855,C00047,29/05/2021,completed,1060.79,25
O001856,C00093,2021-04-10,pending,1269.86,20
O001857,C00202,26/12/2024,cancelled,-36.43,15
O001858,C00231,26/09/2024,pending,1899.95,0
O001859,C00233,06/01/2023,pending,728.17,20
O001860,C00233,2023-05-02,cancelled,470.56,0
O001861,C00166,25/03/2021,pending,1619.29,25
O001862,C00368,2021-02-10,completed,1790.6,25
O001863,C00047,2024-04-12,refunded,1006.32,0
O001864,C00325,09/09/2022,completed,334.47,10
O001865,C00269,25/03/2023,refunded,105.7,25
O001866,C00373,03/04/2024,pending,535.3,20
O001867,C00194,10/05/2021,refunded,1991.58,20
O001868,C00023,11/06/2021,cancelled,1856.51,5
O001869,C00290,2022-02-12,pending,1404.09,25
O001870,C00084,2023-08-19,pending,-478.98,5
O001871,C00394,30/08/2021,completed,,25
O001872,C00215,2021-05-11,cancelled,901.33,10
O001873,C00374,2023-10-15,cancelled,771.76,15
O001874,C00321,2024-12-18,completed,138.97,5
O001875,C00068,07/10/2024,completed,262.94,5
O001876,C00319,2022-08-29,completed,1628.33,10
O001877,C00235,2022-04-26,refunded,-244.41,15
O001878,C00279,23/12/2021,refunded,-365.35,0
O001879,C00122,2022-01-20,refunded,1611.35,5
O001880,C00233,2024-02-20,refunded,603.9,15
O001881,C00041,2022-03-18,completed,1183.61,20
O001882,C00126,2022-11-20,cancelled,1025.75,20
O001883,C00318,01/09/2023,pending,1587.57,25
O001884,C00026,16/07/2021,pending,1913.79,5
O001885,C00029,23/07/2021,cancelled,882.45,25
O001886,C00019,2023-03-30,completed,1766.22,5
O001887,C00342,2024-07-26,cancelled,1066.7,20
O001888,C00170,23/09/2021,completed,754.11,0
O001889,C00056,2021-02-14,pending,224.21,15
O001890,C00083,24/02/2021,cancelled,370.26,25
O001891,C00313,2023-10-28,pending,1280.51,25
O001892,C00234,2022-07-09,cancelled,481.23,25
O001893,,2024-08-29,completed,1220.33,0
O001894,C00394,22/11/2024,cancelled,106.67,10
O001895,C00189,21/05/2022,completed,1738.32,15
O001896,C00389,2024-09-04,completed,628.68,15
O001897,C00150,2023-01-10,pending,357.22,15
O001898,,27/12/2022,cancelled,1641.33,0
O001899,C00169,14/09/2024,refunded,102.37,20
O001900,C00269,2023-04-20,pending,1590.37,5
O001901,C00314,2024-12-23,completed,27.28,0
O001902,C00293,2022-02-28,completed,1193.79,25
O001903,C00248,03/05/2023,cancelled,1110.64,25
O001904,C00219,23/11/2022,cancelled,515.63,20
O001905,C00133,29/07/2021,cancelled,199.16,20
O001906,C00067,20/12/2023,refunded,314.74,20
O001907,C00267,2023-04-18,refunded,852.83,25
O001908,C00253,03/10/2021,pending,97.52,5
O001909,C00363,07/07/2023,pending,721.78,10
O001910,C00001,2023-07-18,completed,482.61,0
O001911,C00239,11/12/2022,completed,1733.34,25
O001912,C00378,08/09/2023,refunded,1153.73,5
O001913,,09/03/2024,completed,1652.06,15
O001914,C00171,2023-09-15,pending,458.71,10
O001915,C00006,24/09/2024,pending,1420.0,25
O001916,C00354,27/05/2023,cancelled,224.28,10
O001917,C00035,07/11/2022,cancelled,617.83,10
O001918,C00260,25/03/2023,cancelled,417.31,20
O001919,C00393,21/09/2023,completed,1943.66,0
O001920,,21/09/2023,cancelled,159.65,25
O001921,C00175,2023-04-10,completed,589.85,15
O001922,C00090,2022-04-27,cancelled,1807.26,5
O001923,C00174,12/11/2024,refunded,80.55,25
O001924,C00243,24/06/2022,pending,18.85,0
O001925,C00247,19/01/2023,refunded,958.42,5
O001926,C00275,2023-04-19,refunded,924.71,10
O001927,C00212,2021-12-19,completed,-6.03,25
O001928,C00267,2024-06-04,cancelled,1448.32,10
O001929,C00285,20/05/2021,completed,230.33,20
O001930,C00107,2022-11-18,cancelled,569.28,20
O001931,C00182,24/04/2022,pending,1918.33,0
O001932,C00144,2022-07-23,cancelled,590.56,0
O001933,C00193,2022-10-03,pending,899.03,25
O001934,C00293,08/02/2022,refunded,1444.25,20
O001935,C00096,2021-08-30,completed,322.7,20
O001936,C00385,17/04/2022,cancelled,1452.98,10
O001937,C00364,17/01/2021,cancelled,215.3,0
O001938,C00212,2021-01-01,refunded,348.09,0
O001939,C00122,24/03/2023,refunded,267.12,10
O001940,C00155,20/06/2024,cancelled,1157.95,5
O001941,C00090,23/03/2024,cancelled,1884.36,0
O001942,C00020,2024-08-10,completed,39.72,5
O001943,C00228,31/07/2021,completed,947.85,20
O001944,C00248,2022-06-19,pending,12.53,20
O001945,C00098,2022-03-22,refunded,354.3,10
O001946,C00376,2022-12-30,cancelled,1768.47,20
O001947,C00398,2023-04-12,pending,1849.35,10
O001948,C00394,13/01/2021,pending,1054.28,0
O001949,C00106,05/12/2023,completed,1493.69,25
O001950,C00236,2024-12-03,completed,1035.72,15
O001951,C00003,04/02/2023,completed,1620.39,10
O001952,C00352,2024-03-19,completed,1337.58,20
O001953,C00171,2023-01-12,completed,1324.23,15
O001954,C00053,11/04/2022,cancelled,1950.18,20
O001955,C00012,2021-01-15,cancelled,576.26,20
O001956,C00328,2024-04-04,cancelled,752.8,5
O001957,C00103,31/10/2022,cancelled,-218.59,5
O001958,C00142,2024-05-24,cancelled,157.09,20
O001959,C00396,2022-04-01,completed,611.04,15
O001960,C00140,2023-07-17,pending,1760.26,5
O001961,C00141,26/12/2021,completed,428.58,0
O001962,C00319,22/05/2024,completed,25.65,20
O001963,C00106,2021-01-12,cancelled,1842.46,20
O001964,C00282,02/05/2023,cancelled,957.44,10
O001965,C00073,2022-08-04,cancelled,686.85,25
O001966,C00294,20/10/2021,pending,301.47,5
O001967,C00037,02/10/2022,cancelled,1907.39,10
O001968,C00277,2024-10-02,completed,1012.41,15
O001969,C00067,2023-05-21,refunded,1376.56,0
O001970,C00346,11/11/2022,completed,1747.35,0
O001971,C00197,06/09/2022,completed,186.74,0
O001972,C00219,2022-01-24,pending,1897.68,15
O001973,C00361,2021-09-11,refunded,-460.56,20
O001974,C00316,16/01/2024,cancelled,1306.26,10
O001975,C00171,20/02/2024,completed,1141.17,5
O001976,C00387,2023-10-01,pending,28.48,15
O001977,,29/08/2022,refunded,1128.68,0
O001978,,10/07/2024,refunded,1607.77,0
O001979,C00159,11/08/2022,refunded,1451.51,25
O001980,C00241,09/12/2021,pending,1059.92,5
O001981,C00074,13/02/2022,cancelled,506.18,20
O001982,C00187,2021-05-04,pending,606.03,15
O001983,C00359,2022-10-18,cancelled,1573.26,25
O001984,C00167,30/08/2023,refunded,1582.52,15
O001985,C00016,08/01/2022,refunded,620.04,0
O001986,C00058,14/03/2023,refunded,1675.11,10
O001987,C00237,2024-04-02,cancelled,854.46,5
O001988,C00394,27/05/2024,pending,1396.07,10
O001989,C00261,14/11/2024,refunded,277.35,0
O001990,C00366,11/08/2023,cancelled,1345.89,0
O001991,C00285,08/06/2024,completed,378.42,25
O001992,C00155,14/12/2023,refunded,617.38,20
O001993,C00206,30/11/2023,refunded,1334.8,20
O001994,C00123,27/02/2022,pending,497.55,20
O001995,C00281,19/03/2022,refunded,1213.96,5
O001996,C00197,2023-10-05,cancelled,62.87,0
O001997,C00107,2024-02-29,refunded,1698.69,25
O001998,C00223,07/04/2023,cancelled,1616.51,20
O001999,C00279,2024-06-10,pending,16.02,25
O002000,C00089,22/02/2022,completed,781.83,25
O001127,C00370,2023-10-12,refunded,1639.5,0
O001460,C00190,22/12/2023,refunded,641.09,0
O000861,,2023-10-24,pending,293.14,20
O001295,C00316,2023-12-20,pending,1240.62,25
O001131,C00176,14/03/2023,pending,1648.35,25
O001096,C00361,16/03/2023,cancelled,929.93,5
O001725,C00193,2022-10-17,cancelled,1119.2,20
O001045,C00095,2021-12-13,refunded,1231.29,10
O001639,C00176,2022-09-11,cancelled,521.57,15
O000122,C00059,2021-06-27,completed,266.77,15
O000467,C00336,01/12/2024,pending,-278.69,20
O001239,C00207,02/12/2023,completed,768.16,5
O000331,C00200,27/09/2023,completed,1577.24,15
O001483,C00359,19/02/2024,completed,569.61,5
O000088,C00015,10/10/2022,cancelled,1454.28,0
O001397,C00298,2021-11-30,refunded,981.62,20
O001124,C00097,2022-08-12,pending,1337.52,5
O000872,C00201,12/08/2024,completed,639.76,20
O001688,C00165,2023-02-14,completed,1195.96,25
O000131,,15/07/2024,pending,1558.52,20
O001686,C00376,23/07/2022,completed,214.78,5
O001333,,2024-03-01,refunded,1959.75,20
O000770,C00184,2021-09-18,refunded,1210.38,0
O000344,C00162,14/02/2023,refunded,1430.04,10
O001516,C00289,2022-06-13,pending,378.12,15
O001438,C00069,2023-07-18,completed,1893.63,25
O000806,C00207,2021-02-28,cancelled,,20
O000386,C00154,2023-01-05,pending,710.72,5
O001216,C00354,03/12/2021,refunded,994.84,15
O000956,C00182,2021-10-28,pending,1320.28,5
O000277,C00067,07/04/2024,completed,1551.09,20
O001185,C00243,2022-01-14,pending,1937.42,25
O000460,C00304,04/11/2022,refunded,577.77,10
O001338,C00321,2021-07-03,pending,770.02,0
O000022,C00073,2022-08-19,completed,993.34,0
O000253,C00227,2024-09-01,cancelled,555.53,25
O000748,C00231,30/01/2024,refunded,1183.12,20
O000857,C00124,11/11/2022,completed,1741.49,15
O001585,C00163,2024-03-05,cancelled,705.12,25
O000475,C00211,19/07/2021,refunded,1054.94,20
O001083,C00117,12/07/2022,cancelled,184.37,5
O000511,C00096,03/05/2022,cancelled,32.26,25
O001706,C00316,18/06/2024,completed,1103.41,10
O001500,C00081,31/07/2023,cancelled,437.84,0
O000700,C00156,24/02/2023,refunded,13.84,0
O000976,C00337,2022-01-18,cancelled,963.82,5
O001807,C00202,10/08/2023,pending,177.52,25
O000190,C00182,2021-05-28,refunded,1757.51,25
O000958,C00077,25/01/2023,pending,1982.49,0
O000687,C00212,09/06/2023,completed,283.74,15
O000958,C00077,25/01/2023,pending,1982.49,0
O000563,C00350,24/03/2021,pending,1402.85,25
O001900,C00269,2023-04-20,pending,1590.37,5
O001591,C00339,20/02/2024,completed,-172.9,10
O001268,C00256,02/03/2021,completed,475.87,0
O000832,C00266,2021-01-10,refunded,1543.51,25
O001529,C00112,2022-08-09,cancelled,1888.81,20
O001155,C00108,2023-03-11,pending,389.13,5
O001509,C00207,2022-09-25,completed,1822.44,20
O001843,C00314,05/02/2024,completed,1400.14,25
O000647,C00048,03/10/2021,refunded,661.75,15
O000021,C00332,09/06/2021,cancelled,1012.23,5
O000841,C00313,25/12/2023,pending,389.38,25
O000167,C00235,2024-11-06,completed,1781.63,25
O001298,C00355,2021-12-23,completed,451.15,25
O000388,C00063,18/10/2023,pending,532.83,5
O000601,C00027,03/05/2024,refunded,1733.89,10
O000316,C00230,16/08/2024,completed,1462.26,20
O000014,C00353,22/01/2022,refunded,305.39,20
O000242,C00272,2024-05-31,pending,1625.86,20
O000777,C00150,2021-11-24,cancelled,1776.49,0
O001370,C00316,17/05/2023,pending,,10
O000565,C00092,29/03/2021,refunded,1302.29,20
O000898,C00139,01/05/2023,cancelled,1015.74,0
O001364,C00064,2022-09-10,completed,723.21,0
O000092,C00290,2023-05-01,pending,432.17,25
O001391,C00283,2021-12-23,pending,1576.27,0
O000956,C00182,2021-10-28,pending,1320.28,5
O001479,C00130,30/06/2023,cancelled,1822.59,10
O001452,C00104,16/03/2023,refunded,652.05,20
O000509,C00090,01/05/2023,pending,1397.59,15
O000776,C00290,2021-04-12,pending,70.66,0
O001967,C00037,02/10/2022,cancelled,1907.39,10
O000035,C00326,16/07/2023,completed,1539.57,15
O000206,C00193,21/02/2022,refunded,1798.85,15
O001105,C00026,14/03/2021,pending,178.86,5
O001956,C00328,2024-04-04,cancelled,752.8,5
O001586,C00364,2023-11-28,refunded,541.15,10
O001896,C00389,2024-09-04,completed,628.68,15
O001412,C00033,09/01/2021,cancelled,1532.32,10
O001026,C00375,2023-06-23,completed,1929.0,0
O001022,C00018,27/02/2023,completed,1150.46,10
O001414,C00266,2021-05-22,refunded,220.19,10
O000566,C00271,2021-11-07,pending,,5
O001130,C00299,01/05/2021,pending,,25
O001796,C00096,2022-12-22,refunded,1555.56,5
O001846,C00266,26/01/2022,refunded,124.1,20
O001501,C00400,2021-10-30,cancelled,972.06,15
O000703,C00221,24/04/2023,pending,1330.0,25
O000402,C00085,27/05/2024,cancelled,-298.0,5
O000730,C00238,09/01/2022,pending,1307.41,25
O001580,C00238,2021-12-06,pending,1888.3,25
O000162,C00270,06/03/2023,completed,1137.18,0
O000202,C00180,2022-07-10,pending,1139.22,0
O001982,C00187,2021-05-04,pending,606.03,15
O000996,C00155,20/04/2022,pending,1827.3,10
O000270,C00397,2023-10-15,completed,1772.55,10
O001887,C00342,2024-07-26,cancelled,1066.7,20
O000816,,30/06/2024,refunded,1310.28,20
O001295,C00316,2023-12-20,pending,1240.62,25
O000456,C00243,18/02/2024,refunded,988.3,20
O001486,C00083,28/11/2024,completed,411.1,15
O001751,C00079,2023-01-11,refunded,453.02,0
O001276,C00151,2023-01-20,pending,1201.15,15
O001017,,05/02/2024,refunded,357.36,5
O001726,C00185,16/02/2023,refunded,1826.73,15
O000296,C00159,2023-01-19,pending,1866.54,15
O001749,C00164,2024-06-18,pending,422.62,20
O000720,C00299,2023-01-08,refunded,119.0,15
O001773,C00320,2023-07-30,refunded,711.04,5
O000338,C00280,2022-11-22,pending,1953.29,10
O000879,C00360,09/10/2024,pending,552.25,0
O001077,C00020,2024-09-16,cancelled,1935.15,15
O000792,C00106,2024-02-26,completed,1682.1,5
O001946,C00376,2022-12-30,cancelled,1768.47,20
O000217,C00177,11/12/2022,completed,1000.32,15
O000764,C00215,10/10/2023,pending,243.78,20
O000188,C00301,2024-02-22,cancelled,547.98,20
O000380,C00356,2022-12-07,pending,416.68,15
O000493,C00383,2022-09-11,pending,759.17,15
O001065,C00199,12/08/2023,refunded,1785.16,20
O001181,C00335,2023-10-03,completed,1604.14,0
O000015,C00150,2021-12-18,pending,276.85,0
O001837,C00388,2022-10-06,completed,727.57,5
O000065,C00177,2022-07-24,refunded,871.62,10
O001881,C00041,2022-03-18,completed,1183.61,20
O001863,C00047,2024-04-12,refunded,1006.32,0
O000521,C00152,2024-01-15,pending,1102.29,20
O001368,C00109,08/05/2023,pending,1593.99,15
O001153,C00161,24/12/2021,completed,20.79,25
O000648,C00194,2023-11-27,refunded,737.35,20
O001496,C00337,2022-06-24,cancelled,1610.66,20
O001087,C00097,2023-01-28,pending,798.33,15
O001163,C00321,2023-07-25,pending,724.78,25
O001523,C00265,17/06/2024,completed,526.28,20
O000593,C00124,2024-09-05,cancelled,1645.33,5
O000392,C00314,2021-06-27,completed,1450.25,0
O001699,C00337,02/12/2022,cancelled,172.4,15
O000419,C00353,16/06/2021,pending,1888.85,0
O000289,C00306,2023-12-25,pending,1924.78,15
O000379,C00110,2024-08-04,cancelled,1300.31,20
O001797,C00288,2023-09-09,completed,1359.6,25
O001514,C00276,2023-02-21,cancelled,1770.85,20
O000231,C00040,2021-07-25,refunded,360.95,10
O001018,C00253,2021-04-28,cancelled,391.93,15
O000041,C00233,27/07/2021,cancelled,1444.18,0
O001052,C00278,27/07/2021,pending,30.69,15
O000135,C00020,2023-12-29,refunded,1374.0,10
O000201,C00360,26/05/2022,cancelled,129.05,10
O001864,C00325,09/09/2022,completed,334.47,10
